rut,nombre,edad,sexo,cargo
46251263-5,Catalina Luna,90,mujer,Trabajador
92310665-0,Sergio Galaz,47,hombre,Trabajador
77837095-6,Catalina Patiño,55,mujer,Trabajador
66922079-0,Nicolas Henriquez,70,mujer,Trabajador
79464991-k,Magdalena Santibañez,74,hombre,Trabajador
22997103-4,Lisandro Pinto,42,mujer,Trabajador
61890115-7,Leonardo Bucarei,42,hombre,Trabajador
45347413-5,Sofia Peña,29,hombre,Trabajador
54864080-6,Valentina Gutierrez,75,hombre,Trabajador
86447590-6,Simoney Mora,26,hombre,Trabajador
45355149-0,Martin Bustos,54,hombre,Trabajador
19942007-0,Diego Caniullan,89,hombre,Trabajador
79263691-8,Yanara Carrasco,39,mujer,Trabajador
32165632-3,Karla Castillo,38,mujer,Trabajador
66760004-9,Yaimara Cisternas,83,hombre,Trabajador
49326776-0,Pamela Figueroa,91,mujer,Trabajador
97804380-1,Aritza Flores,67,mujer,Trabajador
83399209-0,Giordano Flores,20,hombre,Trabajador
86260284-6,Danae Gamboa,95,mujer,Trabajador
19209075-k,Diego Guajardo,74,mujer,Trabajador
31653150-4,Bayron Guzman,84,mujer,Trabajador
64100872-9,Gabriela Jimenez,26,hombre,Trabajador
72629258-2,Orlando Moraga,56,hombre,Trabajador
17263415-k,Matias Moreno,13,mujer,Trabajador
18208603-7,Matias Painequeo,85,mujer,Trabajador
90414316-2,Sayenn Pavez,26,mujer,Trabajador
16045471-7,Gonzalo Pino,88,mujer,Trabajador
28792266-3,Benjamin Quilacon,37,hombre,Trabajador
68353685-7,Millaray Ramos,56,hombre,Trabajador
99428020-1,Aaron Roa,83,mujer,Trabajador
24840265-2,Martin Rojas,66,hombre,Trabajador
79850677-3,Yael Salcedo,81,hombre,Trabajador
95741388-9,Caceres San,57,mujer,Trabajador
77210598-3,Lucas Santibañez,63,hombre,Trabajador
96187015-1,Luis Torres,57,mujer,Trabajador
68120110-6,Zithlali Ulloa,28,hombre,Trabajador
56619171-7,Javiera Vasquez,66,hombre,Trabajador
51616764-5,Jorge Zumelzu,15,mujer,Trabajador
60916764-5,Alan Aceiton,97,hombre,Trabajador
81252987-0,Paz Aguayo,41,mujer,Trabajador
59192155-k,Flores Al,67,hombre,Trabajador
41391265-2,Lucas Araya,81,hombre,Trabajador
76041278-3,Daniela Arriagada,75,mujer,Trabajador
78158392-8,Benjamin Barria,43,mujer,Trabajador
49995619-3,Franco Benavides,97,mujer,Trabajador
37156185-4,Genesis Cardenas,59,mujer,Trabajador
85410626-0,Sergio Cardenas,24,hombre,Trabajador
10116173-0,Antonio Carrasco,72,hombre,Trabajador
88757035-3,Ian Carrera,30,mujer,Trabajador
68583239-9,Barbara Carvajal,42,hombre,Trabajador
35492826-4,Ignacio Castillo,59,hombre,Trabajador
86683089-4,Alondra Chamorro,91,mujer,Trabajador
28320055-8,Francisca Colima,67,hombre,Trabajador
86043030-4,Constanza Conejeros,87,mujer,Trabajador
27604578-4,Ivanna Contreras,44,mujer,Trabajador
35412165-4,Martin Flores,78,mujer,Trabajador
80869010-1,Constanza Gomez,40,hombre,Trabajador
86555166-5,Franco Gomez,34,mujer,Trabajador
61036645-7,Javiera Grandon,10,hombre,Trabajador
40373818-2,Javier Hurtado,84,mujer,Trabajador
24149278-8,Lucas Jara,84,mujer,Trabajador
43161018-3,Benjamin Jeria,95,mujer,Trabajador
67938721-9,Felipe Jilberto,16,hombre,Trabajador
18768050-6,Constanza Jorquera,32,hombre,Trabajador
49881324-0,Javiera Lizama,54,hombre,Trabajador
36578275-k,Catalina Lopez,28,mujer,Trabajador
92505908-0,Isidora Loyola,83,hombre,Trabajador
16483997-4,Bruno Mardones,36,hombre,Trabajador
91957885-8,Antonella Molina,53,mujer,Trabajador
85930746-9,Escarlet Morales,31,hombre,Trabajador
43630977-5,Javier Moya,30,mujer,Trabajador
70876733-6,Xavier Oyarzun,62,hombre,Trabajador
36731956-9,Silvio Peralta,81,mujer,Trabajador
42127645-5,Yohao Portales,70,hombre,Trabajador
38158176-4,Cesia Ramos,85,mujer,Trabajador
48292072-1,Francisca Reyes,33,mujer,Trabajador
86434438-0,Benjamin Rodriguez,30,mujer,Trabajador
62974576-9,Juan Sanchez,86,mujer,Trabajador
71881591-6,Constanza Sepulveda,53,hombre,Trabajador
16670974-1,Lucas Vasquez,74,hombre,Trabajador
19027799-2,Matias Vega,52,hombre,Trabajador
36669949-k,Isidora Villarroel,98,mujer,Trabajador
58179139-9,Victoria Adasme,75,hombre,Trabajador
80146994-9,Alonso Agurto,41,mujer,Trabajador
34902561-2,Carlos Antifil,99,hombre,Trabajador
27811535-6,Maria Aranda,34,mujer,Trabajador
37653211-9,Ignacio Arias,17,hombre,Trabajador
78734770-3,Rocio Bernales,95,hombre,Trabajador
82260254-1,Amaro Bravo,70,mujer,Trabajador
92253121-8,Sebastian Bustos,34,hombre,Trabajador
53325503-5,Jacob Cartes,98,hombre,Trabajador
27423756-2,Martin Celis,84,hombre,Trabajador
56840142-5,Noelia Cid,21,hombre,Trabajador
99233768-0,Hugo Cordova,37,hombre,Trabajador
95541819-0,Rocio Cuello,30,hombre,Trabajador
61773216-5,Monserrat Echeverria,28,hombre,Trabajador
13635178-8,Fernando Escobar,14,hombre,Trabajador
93310611-k,Emily Farias,40,hombre,Trabajador
85073231-0,Isidora Fernandez,89,hombre,Trabajador
41601315-2,Antonella Garrido,49,mujer,Trabajador
98121429-3,Conzuelo Gonzales,82,hombre,Trabajador
80511365-0,Josefa Huaiquil,53,mujer,Trabajador
62815723-5,Millaray Jimenez,88,hombre,Trabajador
33734821-1,Alondra Llanquiman,30,hombre,Trabajador
25806104-7,Fernando Lopez,76,hombre,Trabajador
23514054-3,Valeria Martinez,74,mujer,Trabajador
72309503-4,Alexia Matus,18,mujer,Trabajador
48908396-5,Martin Neculman,51,mujer,Trabajador
71198104-7,Isidora Orellana,90,hombre,Trabajador
76534733-5,Luis Pacheco,37,hombre,Trabajador
73222374-6,Carlos Pinto,31,mujer,Trabajador
28597225-6,Diego Plaza,25,mujer,Trabajador
32700742-4,Francisca Roblero,97,mujer,Trabajador
28118803-8,Padme Rodriguez,47,hombre,Trabajador
34572846-5,Benjamin Saavedra,34,mujer,Trabajador
42723522-k,Millaray Salazar,65,mujer,Trabajador
15591154-9,Deyanira Santander,73,mujer,Trabajador
16636734-4,Yasmin Suarez,73,mujer,Trabajador
63795324-9,Paloma Sucarrat,87,hombre,Trabajador
65538426-k,Kitzy Vega,53,mujer,Trabajador
62942419-9,Enygger Videla,45,hombre,Trabajador
33236616-5,Simona Vilches,98,mujer,Trabajador
31679088-7,Cristobal Yanka,44,hombre,Trabajador
82581279-2,Abigail Alarcon,48,mujer,Trabajador
35069575-3,Pablo Salazar,52,hombre,Trabajador
99927220-7,Antonio Salinas,83,hombre,Trabajador
70106627-8,Leandro Aravena,34,hombre,Trabajador
43953571-7,Anais Oyarzon,77,mujer,Trabajador
51194123-7,Victoria Toloza,73,mujer,Trabajador
75490842-4,Dominique Contreras,71,hombre,Trabajador
64336012-8,Alessandro Pizarro,25,hombre,Trabajador
54023774-3,Andrea Aguilar,11,mujer,Trabajador
45008209-0,Yadhira Cifuentes,97,mujer,Trabajador
40538537-6,Millaray Meza,89,mujer,Trabajador
12187269-2,Kiara Moya,46,mujer,Trabajador
27952560-4,Celine Yañez,74,hombre,Trabajador
55823148-3,Andrea Sanhueza,67,mujer,Trabajador
67978268-1,Danitza Castro,77,mujer,Trabajador
99070181-4,Shantal Muñoz,75,mujer,Trabajador
50042631-4,Isidora Bravo,16,mujer,Trabajador
99466469-7,Matias Pichulpil,23,hombre,Trabajador
36664523-3,Kris Peña,12,mujer,Trabajador
44812887-3,Rayan Contreras,70,mujer,Trabajador
34643031-1,Yaritza Garcia,23,hombre,Trabajador
21759577-0,Ivan Sarmiento,47,hombre,Trabajador
32992512-9,Alexandra Carmona,86,mujer,Trabajador
85553386-3,Mairin Romero,26,hombre,Trabajador
45510769-5,Salome Orellana,83,hombre,Trabajador
45740927-3,Constanza Loyola,19,mujer,Trabajador
98849412-7,Alejandra Olguin,42,hombre,Trabajador
42300579-3,Alonso Carrasco,84,hombre,Trabajador
84921010-6,Cristobal Vallejos,90,mujer,Trabajador
51248373-9,Macarena Muñoz,54,hombre,Trabajador
38628283-8,Andres Diaz,49,mujer,Trabajador
78662700-1,Esteban Guzman,95,mujer,Trabajador
80703512-6,Andrea Alburquenque,24,hombre,Trabajador
37142311-7,Sofia Flores,83,hombre,Trabajador
97036167-7,Katalina Gonzales,17,mujer,Trabajador
53967694-6,Jesus Gonzales,72,hombre,Trabajador
23407008-8,Antonia Olivares,51,hombre,Trabajador
76494450-k,Isidora Pacheco,15,hombre,Trabajador
56229978-5,Francisca Cayupan,43,hombre,Trabajador
40269415-7,Emiliano Figueroa,57,mujer,Trabajador
80592689-9,Alonso Dumont,18,hombre,Trabajador
52576933-k,Amaro Mondaca,87,mujer,Trabajador
71612139-9,Absalon Figueroa,32,mujer,Trabajador
23632306-4,Antonia Ortega,94,hombre,Trabajador
16413527-6,Josefa Alarcon,67,mujer,Trabajador
77489819-0,Alonso Farias,98,mujer,Trabajador
85301240-8,Matias Rodriguez,92,mujer,Trabajador
53721649-2,Alonso Toro,59,mujer,Trabajador
12655924-0,Andres Vergara,37,hombre,Trabajador
79154026-7,Noemi Castro,15,hombre,Trabajador
24115633-8,Adriana Jimenez,72,mujer,Trabajador
34917249-6,Miguel Martinez,47,hombre,Trabajador
85034590-2,Benjamin Cayul,94,hombre,Trabajador
19680912-0,Ignacio Mardones,69,hombre,Trabajador
40455577-4,Marcela Vargas,27,mujer,Trabajador
81401624-2,Andres Painenao,64,mujer,Trabajador
40978316-3,Gustavo Mena,95,mujer,Trabajador
77189827-0,Anibal Contreras,19,hombre,Trabajador
13093741-1,Javiera Vigouroux,38,hombre,Trabajador
26123513-7,Arturo Calabrano,82,hombre,Trabajador
12874915-2,Ignacio Huenuanca,28,hombre,Trabajador
15623590-3,Josue Donoso,32,mujer,Trabajador
45981588-0,Jesus Navarrete,44,hombre,Trabajador
82003178-4,Aaron Cares,86,mujer,Trabajador
29415476-0,Paz Muñoz,75,hombre,Trabajador
38631846-8,Antonia Elguezabal,88,mujer,Trabajador
61242043-2,Kathalina San,45,mujer,Trabajador
28954972-2,Ignacio Delgado,80,hombre,Trabajador
88094734-6,Andres Abarca,14,hombre,Trabajador
69163174-5,Alejandro Sarmiento,55,mujer,Trabajador
53042462-6,Alexander Peña,64,mujer,Trabajador
81330568-2,Samanta Marinao,60,hombre,Trabajador
86679007-8,Paola Quezada,19,hombre,Trabajador
83896534-2,Ignacio Barra,98,hombre,Trabajador
91210142-8,Ariel Iturra,44,mujer,Trabajador
72570829-7,Daniel Zuñiga,62,hombre,Trabajador
58044372-9,Catalina Jara,88,mujer,Trabajador
40640800-0,Venecia Campos,71,hombre,Trabajador
73324033-4,Fernanda Repol,84,mujer,Trabajador
80549244-9,Ignacia Galvez,89,mujer,Trabajador
40070443-0,Scarlett Pezoa,13,mujer,Trabajador
68377701-3,Jessica Reyes,59,hombre,Trabajador
20228556-2,De Rave,15,hombre,Trabajador
16264932-9,Daniel Blanco,36,mujer,Trabajador
80580088-7,Valentina Cancino,76,hombre,Trabajador
84167281-k,Claudio Carreño,39,mujer,Trabajador
93044599-1,Valentina Castillo,16,mujer,Trabajador
47922722-5,Gustavo Castro,22,mujer,Trabajador
41183684-3,Tamara Dealecio,50,mujer,Trabajador
94947578-6,Carla Farias,57,hombre,Trabajador
33890329-4,Fernanda Gajardo,59,mujer,Trabajador
91085975-7,Paula Gajardo,17,hombre,Trabajador
96562711-1,Isidora Garabito,95,mujer,Trabajador
52392092-8,Ignacia Gomez,79,mujer,Trabajador
91938760-2,Catalina Gonzalez,94,hombre,Trabajador
98518861-0,Daniela Gutierrez,90,hombre,Trabajador
72275204-k,Catalina Huentelaf,19,mujer,Trabajador
70388205-6,Bryan Jorquera,79,hombre,Trabajador
80924311-7,Diego Lopez,67,mujer,Trabajador
73031326-8,Matias Maldonado,79,hombre,Trabajador
66970190-k,Catalina Miranda,36,hombre,Trabajador
81641085-1,Catari Monsalves,30,mujer,Trabajador
17371278-2,Catalina Montero,92,mujer,Trabajador
72447098-k,Fernanda Montero,35,mujer,Trabajador
59161375-8,Matias Muñoz,24,hombre,Trabajador
14106853-9,Javiera Peralta,30,mujer,Trabajador
94506083-2,Ariana Perez,57,hombre,Trabajador
24878659-0,Joaquin Pinto,45,hombre,Trabajador
23937155-8,Nelson Quezada,69,mujer,Trabajador
79407634-0,Ignacio Quiroz,68,hombre,Trabajador
27083103-6,Giancarlo Roblero,94,hombre,Trabajador
77757931-2,Barbara Sanchez,35,hombre,Trabajador
21290952-1,Paolo Silva,24,hombre,Trabajador
79695896-0,Emilio Soto,89,hombre,Trabajador
89512502-4,Yacyara Soza,22,hombre,Trabajador
31256887-k,Jacob Torres,36,mujer,Trabajador
46067685-1,Catalina Urquiza,83,mujer,Trabajador
58143457-k,Alejandra Valdes,85,mujer,Trabajador
69719019-8,Catalina Valencia,57,mujer,Trabajador
81207716-3,Catalina Vasquez,49,hombre,Trabajador
92394961-5,Juan Veas,22,hombre,Trabajador
99149710-2,Yael Vera,91,hombre,Trabajador
92851961-9,Karla Villablanca,63,hombre,Trabajador
22637365-9,Diego Villegas,64,hombre,Trabajador
41694611-6,Javiera Alarcon,68,mujer,Trabajador
28231652-8,Vicente Alarcon,19,hombre,Trabajador
97321798-4,Benjamin Ancacura,86,mujer,Trabajador
35773530-0,Alan Armijo,47,mujer,Trabajador
73745994-2,Daniela Arraño,50,hombre,Trabajador
32644502-9,Kharla Astudillo,99,mujer,Trabajador
62220169-0,Sayuri Bahamondes,85,hombre,Trabajador
69020528-9,Dylan Campos,87,mujer,Trabajador
62887150-7,Angelo Caniuñir,12,mujer,Trabajador
16687104-2,Nazaret Carreño,91,mujer,Trabajador
51630030-2,Fabiano Carte,52,hombre,Trabajador
47249752-9,Mateo Contreras,50,mujer,Trabajador
55868629-4,Martina Cuevas,70,mujer,Trabajador
75766984-6,Agustin Farias,36,mujer,Trabajador
32817993-8,Isidora Galvez,30,hombre,Trabajador
83538271-0,Gabriela Garay,22,hombre,Trabajador
80628376-2,Valentina Gomez,48,hombre,Trabajador
44422964-0,Bastian Lagos,35,hombre,Trabajador
31691559-0,Esteban Leiva,72,mujer,Trabajador
31457093-6,Barbara Lincopan,74,hombre,Trabajador
61863167-2,Loreto Luna,48,mujer,Trabajador
91051274-9,Matias Marillan,32,hombre,Trabajador
81019249-6,Matias Momberg,96,mujer,Trabajador
75106425-k,Benjamin Mondaca,85,hombre,Trabajador
52581344-4,Andres Mora,34,mujer,Trabajador
13700503-4,Josue Moreno,28,mujer,Trabajador
45677093-2,Krishna Ordoñez,31,hombre,Trabajador
18912034-6,Iahn Oyarce,42,hombre,Trabajador
22876040-4,Trinidad Peralta,16,mujer,Trabajador
29742884-5,Constanza Quezada,51,hombre,Trabajador
13295853-k,Genesis Ramirez,15,hombre,Trabajador
22252251-k,Katherine Retamal,94,hombre,Trabajador
53642790-2,Yamna Reyes,48,mujer,Trabajador
83481742-k,Fernanda Salinas,85,hombre,Trabajador
84095044-1,Benjamin Sanchez,78,hombre,Trabajador
98544321-1,Francisca Sanchez,55,mujer,Trabajador
96404014-1,Yaen Sanhueza,36,mujer,Trabajador
37731534-0,Benjamin Soto,28,mujer,Trabajador
55676647-9,Kathya Spedaletti,97,hombre,Trabajador
48766480-4,Bastian Tapia,69,hombre,Trabajador
15119459-1,Fernanda Vargas,16,hombre,Trabajador
76849115-1,Camilo Zambrano,13,mujer,Trabajador
15765031-9,Barbara Zuñiga,10,hombre,Trabajador
32726853-8,Camila Aburto,26,hombre,Trabajador
59260036-6,Valentina Aliaga,96,hombre,Trabajador
19130484-5,Camila Arancibia,36,hombre,Trabajador
57325256-k,Javier Aravena,45,hombre,Trabajador
80356838-3,Diego Arce,93,mujer,Trabajador
10119008-0,Javiera Barrera,95,hombre,Trabajador
57437538-k,Nayelit Brantes,41,hombre,Trabajador
80092681-5,Tamara Candia,24,hombre,Trabajador
40503382-8,Dania Carreño,29,mujer,Trabajador
14292252-5,Constanza Castillo,55,hombre,Trabajador
24215497-5,Constanza Diaz,72,hombre,Trabajador
60987705-7,Jose Espina,19,mujer,Trabajador
59959821-9,Rodrigo Figueroa,10,hombre,Trabajador
97418193-2,Fernanda Gonzales,77,hombre,Trabajador
88034198-7,Daniela Habibe,36,hombre,Trabajador
56725663-4,Gloria Herrera,66,hombre,Trabajador
54157127-2,Thaira Hormazabal,74,mujer,Trabajador
48979148-k,Kiomara Huinca,13,mujer,Trabajador
30492842-5,Barbara Jara,21,mujer,Trabajador
84671162-7,Javiera Jaramillo,48,mujer,Trabajador
57342278-3,Maria Martinez,84,mujer,Trabajador
73540572-1,Tiare Miranda,55,hombre,Trabajador
48762156-0,Constanza Morales,80,hombre,Trabajador
58509457-9,Sebastian Moya,89,mujer,Trabajador
58188294-7,Fabian Muñoz,12,mujer,Trabajador
25844754-9,Valentina Muñoz,58,hombre,Trabajador
29903675-8,Lucas Nuñez,95,hombre,Trabajador
66844166-1,Vania Peña,45,hombre,Trabajador
32273643-6,Dylan Perez,77,hombre,Trabajador
80353279-6,Damary Pichulman,68,hombre,Trabajador
29622397-2,Francisca Pinto,26,hombre,Trabajador
78897889-8,Danae Poblete,94,mujer,Trabajador
58846331-1,Paula Quintrel,60,mujer,Trabajador
71652443-4,Camilo Roblero,78,mujer,Trabajador
90243628-6,Vicente Saez,36,mujer,Trabajador
84081575-7,Crichna Salazar,19,mujer,Trabajador
14114400-6,Elias Sanzana,87,mujer,Trabajador
83905334-7,Esteban Schroder,30,hombre,Trabajador
89146700-1,Nicolas Soto,46,hombre,Trabajador
29622980-6,Nicolas Urriola,20,mujer,Trabajador
20168747-0,Aylin Valdes,69,mujer,Trabajador
38725184-7,Damaris Venegas,30,hombre,Trabajador
28450511-5,Benjamin Vera,96,mujer,Trabajador
81018273-3,Monserrat Vidal,72,hombre,Trabajador
10742402-4,Anais Aguirre,54,hombre,Trabajador
85384785-2,Isaac Andrades,65,hombre,Trabajador
30001031-8,Karina Araos,29,mujer,Trabajador
48246125-5,Daniela Beroiza,67,mujer,Trabajador
48986292-1,Carolina Brevis,41,mujer,Trabajador
93892863-0,Camila Cabrera,55,hombre,Trabajador
52179815-7,Valentina Campos,22,hombre,Trabajador
19706256-8,Annais Caro,55,hombre,Trabajador
26196183-0,Abraham Carreño,27,mujer,Trabajador
11271286-0,Jael Cornejo,56,mujer,Trabajador
48998776-7,Aaron Cornejo,78,mujer,Trabajador
95521769-1,Matias Ferreira,47,hombre,Trabajador
55972471-8,Matias Fuentes,32,hombre,Trabajador
95487734-5,Alexandra Garay,58,hombre,Trabajador
63814706-8,Yahir Garrido,43,hombre,Trabajador
43597800-2,Justin Godoy,79,mujer,Trabajador
95403427-5,Camila Gonzalez,10,mujer,Trabajador
56914123-0,Natalia Henriquez,76,mujer,Trabajador
95623149-3,Jorge Hidalgo,87,mujer,Trabajador
37126798-0,Francisca Huenufil,47,mujer,Trabajador
92270331-0,Maria Jilberto,17,mujer,Trabajador
46288331-5,Cristhian Jimenez,94,mujer,Trabajador
90505307-8,Isidora Jimenez,13,mujer,Trabajador
95810168-6,Martin Leiva,73,hombre,Trabajador
94006732-4,Martina Leiva,62,hombre,Trabajador
61336127-8,Andres Lucero,81,hombre,Trabajador
32142510-0,Gamadiel Marin,73,hombre,Trabajador
21188032-5,Saad Sierra,18,mujer,Trabajador
64660903-8,Teigan Phelps,29,mujer,Trabajador
17677635-8,Chiara Howell,35,mujer,Trabajador
21332506-k,Nishat Greig,42,mujer,Trabajador
36615636-4,Niam Snider,50,hombre,Trabajador
30741496-1,Tasnim Rutledge,57,hombre,Trabajador
18970874-2,Henna Cantu,24,mujer,Trabajador
33491402-k,Amira Wong,28,mujer,Trabajador
47342099-6,Annaliese Ford,37,hombre,Trabajador
73815426-6,Marco Waters,21,hombre,Trabajador
19528671-k,Marian Spence,57,hombre,Trabajador
51844875-7,Amy Sharples,38,hombre,Trabajador
17327495-5,Eamonn Redfern,48,hombre,Trabajador
82719046-2,Katarina Chang,54,hombre,Trabajador
79873843-7,Annabelle Poole,40,hombre,Trabajador
66227912-9,Donte Salgado,40,mujer,Trabajador
44715611-3,Sufyan Rollins,44,hombre,Trabajador
71134226-5,Gracey Day,18,mujer,Trabajador
89260929-2,Otto Lindsay,25,hombre,Trabajador
72620651-1,Murphy Melendez,26,hombre,Trabajador
33908685-0,Marcel Mccarty,23,hombre,Trabajador
94221380-8,Lowri Henry,35,mujer,Trabajador
15823641-9,Juliet Goodman,43,mujer,Trabajador
39790970-0,Winnie Bloom,38,hombre,Trabajador
14736236-6,Baxter Bateman,46,mujer,Trabajador
17195049-k,Huda Sullivan,20,mujer,Trabajador
67710168-7,Ravi Avila,58,hombre,Trabajador
21201270-k,Hamza Carson,22,hombre,Trabajador
16833235-1,Faizaan Gilmour,44,mujer,Trabajador
32273167-1,Saoirse Tang,54,hombre,Trabajador
90922919-7,Harvey Marsden,35,mujer,Trabajador
60028335-9,Ehsan Liu,19,mujer,Trabajador
52968708-7,Orlaith Collier,60,mujer,Trabajador
57689116-4,Marcia Berg,27,mujer,Trabajador
10094201-1,Kamron Moran,39,mujer,Trabajador
85779616-0,Colin Rosario,24,mujer,Trabajador
15683276-6,Darrell Barnes,20,hombre,Trabajador
14825989-5,Akbar Healy,50,hombre,Trabajador
65207641-6,Valentino Gilliam,26,hombre,Trabajador
34761062-3,Damien Barnard,40,mujer,Trabajador
93600353-2,Jenna Wyatt,52,hombre,Trabajador
61627352-3,Chenai Lynch,33,mujer,Trabajador
33917878-k,Cleo Parsons,23,hombre,Trabajador
81311438-0,Meerab Shields,40,hombre,Trabajador
16506263-9,Asia Byers,54,mujer,Trabajador
48849361-2,Teejay Leon,45,hombre,Trabajador
23684561-3,Kelsie Vickers,29,hombre,Trabajador
12842111-4,Elisabeth Pickett,36,mujer,Trabajador
46524982-k,Tehya Curry,48,hombre,Trabajador
54556015-1,Nabila Silva,40,mujer,Trabajador
22240154-2,Kaira Frey,52,mujer,Trabajador
72478850-5,Lila Barron,59,mujer,Trabajador
25107105-5,Xander Goodwin,22,mujer,Trabajador
69768825-0,Lexi Cairns,45,hombre,Trabajador
42644643-k,Keyan Rigby,53,hombre,Trabajador
54004386-8,Donald Gordon,53,mujer,Trabajador
55514185-8,Kaylen Yoder,34,hombre,Trabajador
34762796-8,Rehaan Acosta,40,hombre,Trabajador
55422937-9,Ahsan Moyer,35,hombre,Trabajador
11636170-1,Simrah Begum,18,mujer,Trabajador
45453849-8,Rio Haas,30,hombre,Trabajador
84539370-2,Dannielle Power,59,hombre,Trabajador
96900689-8,Adam Delarosa,26,hombre,Trabajador
44281327-2,Yousif Mccullough,34,hombre,Trabajador
74580276-1,Zakary Ingram,21,mujer,Trabajador
78160098-9,Jordana Haley,23,mujer,Trabajador
65346159-3,Kavan Holder,42,mujer,Trabajador
72800848-2,Kieren Peck,49,hombre,Trabajador
79757833-9,Fiona Estrada,41,mujer,Trabajador
79459402-3,Esme-Rose Sargent,41,mujer,Trabajador
80921370-6,Kathy Leal,35,mujer,Trabajador
90172937-9,Hassan Gilmore,23,mujer,Trabajador
47942200-1,Rose Larsen,52,hombre,Trabajador
42538060-5,Jorge Tillman,22,hombre,Trabajador
70582800-8,Devonte Needham,56,mujer,Trabajador
14982281-k,Fahad Richmond,23,mujer,Trabajador
90155266-5,Kynan Benson,56,hombre,Trabajador
96951878-3,Maison Rhodes,23,mujer,Trabajador
72159761-k,Cai Woodward,32,mujer,Trabajador
72430402-8,Dania Neal,23,hombre,Trabajador
66045545-0,Irene Contreras,56,hombre,Trabajador
91231636-k,Briony Whelan,37,hombre,Trabajador
86516801-2,Vishal Merrill,49,hombre,Trabajador
64750606-2,Brad Stewart,42,mujer,Trabajador
90966759-3,Mina Dougherty,26,mujer,Trabajador
31111145-0,Phebe Braun,55,hombre,Trabajador
16792411-5,Murray Britton,56,mujer,Trabajador
58765828-3,Jaxx Blaese,19,hombre,Trabajador
42216276-3,Una Glenn,40,hombre,Trabajador
91844038-0,Luke Hills,48,hombre,Trabajador
43926456-k,Yasser Wilkins,47,hombre,Trabajador
13965853-1,Emir Bird,40,hombre,Trabajador
14343597-0,Reema Page,45,hombre,Trabajador
41966463-4,Nigel Dickens,36,mujer,Jefe
21219682-7,Priyanka Navarro,43,hombre,Trabajador
95541523-k,Dina Clark,23,hombre,Trabajador
68208732-3,Ali Childs,56,mujer,Trabajador
43831962-k,Ava-Rose O'Ryan,60,hombre,Trabajador
22234852-8,Talitha Mcloughlin,60,hombre,Trabajador
39089742-1,Lily-Anne Patel,36,mujer,Trabajador
92696219-1,Keane Morrison,28,mujer,Trabajador
69568679-k,Mayson Baird,48,hombre,Trabajador
91935122-5,Rhiann Cote,45,hombre,Trabajador
68133700-8,Lina Mclaughlin,45,mujer,Trabajador
42938886-4,Ayush Pace,58,mujer,Trabajador
11439340-1,Zeeshan Johnston,26,hombre,Trabajador
39899583-k,Dominykas Lutz,55,mujer,Trabajador
39949282-3,Rafi Kaiser,37,hombre,Trabajador
53644614-1,Maaria Major,41,mujer,Trabajador
19552470-k,Blanka Alford,34,mujer,Trabajador
18167947-6,Oliver Huff,47,mujer,Trabajador
72810804-5,Jobe Campos,54,mujer,Trabajador
44253237-0,Taylan Wilks,23,hombre,Trabajador
45026478-4,Rhea Gale,55,mujer,Trabajador
75576764-6,Eshaal Searle,47,mujer,Trabajador
64879120-8,Nazia Quintero,18,mujer,Trabajador
69373271-9,Joshua Vo,23,hombre,Trabajador
10517073-4,Chay Sutherland,22,mujer,Trabajador
98708700-5,Riaan Mays,48,mujer,Trabajador
58945079-5,Harvie Forbes,23,hombre,Trabajador
75270010-9,Safia Potts,22,mujer,Trabajador
98683815-5,Sidrah Mclellan,23,hombre,Trabajador
72939187-5,Josh Small,57,mujer,Trabajador
20297901-7,Nikkita Dodson,33,mujer,Trabajador
77209293-8,Rikki Hewitt,55,mujer,Trabajador
18665525-7,Jameson Valdez,23,hombre,Trabajador
50062649-6,Kornelia Drummond,46,hombre,Trabajador
85973291-7,Mina Hebert,54,mujer,Trabajador
51153844-0,Sami Suarez,59,hombre,Trabajador
54076655-k,Rex Mckenzie,30,hombre,Trabajador
94821886-0,Asha Mckee,38,mujer,Trabajador
36552322-3,Fleur Sheppard,50,mujer,Trabajador
32366948-1,Orla Mcclure,54,mujer,Trabajador
77477421-1,Lianne Mccoy,21,mujer,Trabajador
13572944-2,Logan Kramer,58,mujer,Trabajador
79725605-6,Aamina Bean,60,hombre,Trabajador
66183219-3,Zaynah Kennedy,29,hombre,Trabajador
40675138-4,Melvin Perez,34,hombre,Trabajador
23000993-7,Alan Bonner,37,hombre,Trabajador
88198898-4,Madihah Haas,41,hombre,Trabajador
66199185-2,Roman Thomas,25,mujer,Trabajador
16008678-5,Rivka Finley,60,hombre,Trabajador
36625090-5,Dina Herman,22,hombre,Trabajador
87813399-4,Aubree Ridley,58,mujer,Trabajador
93900888-8,Lilianna Maxwell,50,hombre,Trabajador
30862862-0,Sayed Edwards,43,hombre,Trabajador
43922451-7,Patrik Rollins,45,hombre,Trabajador
95520055-1,Romilly Becker,24,mujer,Trabajador
75016224-k,Zayne David,18,mujer,Trabajador
76591179-6,Charlton Bridges,22,hombre,Trabajador
87081187-k,Ewan Chadwick,40,hombre,Trabajador
36081017-8,Ewen Little,49,mujer,Trabajador
80291272-2,Arjan Mcdermott,26,mujer,Trabajador
37200573-4,Toby Mcarthur,18,hombre,Trabajador
56535213-k,Mahi Ross,34,mujer,Trabajador
77796005-9,Benjamin Shaw,34,mujer,Trabajador
40350724-5,Laylah Grey,46,mujer,Trabajador
56499633-5,Dottie Chase,37,hombre,Trabajador
23526948-1,Bevan Pineda,35,hombre,Trabajador
86664654-6,Abubakar Gentry,41,hombre,Trabajador
52916249-9,Tehya Galvan,28,hombre,Trabajador
62785039-5,Darsh Bloom,45,hombre,Trabajador
22145359-k,Lucille Wilkerson,39,mujer,Trabajador
63951440-4,Tj Romero,58,mujer,Trabajador
97004364-0,Lamar Bailey,49,hombre,Trabajador
47666047-5,Deanna Wilder,29,hombre,Trabajador
88730119-0,Tasha Nicholson,58,mujer,Trabajador
53211068-8,Connor Prosser,35,hombre,Trabajador
14046488-0,Musab Ayala,19,hombre,Trabajador
31706054-8,Khushi Mayo,40,mujer,Trabajador
23298212-8,Ruby-Leigh Gallagher,22,mujer,Trabajador
57836259-2,Malcolm Plant,20,mujer,Trabajador
97657967-4,Mahir Nunez,46,mujer,Trabajador
59814228-9,Gerrard Quintana,57,mujer,Trabajador
89336201-0,Abbas Emerson,34,hombre,Trabajador
94432090-3,Anjali Rojas,42,mujer,Trabajador
92170041-5,Dollie Rivers,45,mujer,Trabajador
64272663-3,Inigo Castro,32,mujer,Trabajador
91790173-2,Jeremy Dunn,18,mujer,Trabajador
45467235-6,Kailum Parry,21,hombre,Trabajador
99075946-4,Aleena Parra,45,hombre,Trabajador
96392316-3,Lylah Mcguire,57,hombre,Trabajador
73342699-3,Lester Beard,60,hombre,Trabajador
47865441-3,Antonina Guzman,57,hombre,Trabajador
88772168-8,Hunter Solomon,24,hombre,Trabajador
87861767-3,Jacob Beech,19,mujer,Trabajador
41361801-0,Jana Sutton,48,mujer,Trabajador
31092780-5,Aalia Higgs,46,hombre,Trabajador
11750224-4,Diesel Hunt,33,hombre,Trabajador
72070561-3,Jena Field,20,mujer,Trabajador
51693674-6,Khadija Wells,51,mujer,Trabajador
92365268-k,Haidar Frank,50,mujer,Trabajador
55776079-2,Ariya Travis,49,hombre,Trabajador
83296811-0,Aysha Bone,37,mujer,Trabajador
23713134-7,Poppie Vang,54,hombre,Trabajador
70624789-0,Brittney Le,42,hombre,Trabajador
79425659-4,Nusaybah Fitzgerald,44,mujer,Trabajador
66258468-1,Kaelan Greenwood,55,mujer,Trabajador
35662780-6,Neve Carter,23,mujer,Trabajador
40403791-9,Kodi Higgins,30,mujer,Trabajador
79480331-5,Grover Vaughn,36,mujer,Trabajador
86646016-7,Elsie-May Chadwick,42,hombre,Trabajador
21666289-k,Eren Sargent,35,hombre,Trabajador
52703981-9,Kareena Salter,46,hombre,Trabajador
83603309-4,Giacomo Parsons,34,hombre,Trabajador
47326835-3,Maci Barrett,22,mujer,Trabajador
49337371-4,Eryk Greene,39,mujer,Trabajador
87442136-7,Tess Marshall,41,mujer,Trabajador
48679409-7,Emeli Handley,56,mujer,Trabajador
36259502-9,Dora Noble,48,mujer,Trabajador
29646441-4,Tyla Mcneil,50,mujer,Trabajador
33402225-0,Usman Lara,18,mujer,Trabajador
95855049-9,Nadir Redman,57,mujer,Trabajador
51755919-9,Isaak Esparza,41,mujer,Trabajador
49993665-6,Harriett Ayers,27,hombre,Trabajador
69141385-3,Isabel Vance,49,hombre,Trabajador
33481996-5,Joseph Broughton,21,hombre,Trabajador
68505645-3,Antoinette Schmidt,32,mujer,Trabajador
47067447-4,Kacper Glenn,42,mujer,Trabajador
58557550-k,Keenan Ryan,31,mujer,Trabajador
27650119-4,Iqra Thorne,51,mujer,Trabajador
18812547-6,Elina Lake,56,mujer,Trabajador
66625711-1,Balraj Davidson,26,hombre,Trabajador
52189199-8,Xavier Stuart,42,hombre,Jefe
28012525-3,Eleanor Acevedo,30,mujer,Trabajador
48795285-0,Zainab James,30,hombre,Trabajador
89321752-5,Corrie Hinton,51,hombre,Trabajador
35066595-1,Diya Hansen,51,hombre,Trabajador
42621036-3,River Branch,40,mujer,Trabajador
66954467-7,Poppy Hartman,50,hombre,Trabajador
18446690-2,Nimrah Skinner,30,hombre,Trabajador
65227086-7,Jordan-Lee Norman,50,mujer,Trabajador
35661237-k,Amiya Craft,36,mujer,Trabajador
67913619-4,Jacob Gilmore,39,hombre,Trabajador
83290634-4,Arnav Franklin,30,hombre,Trabajador
62014673-0,Brayden Grey,52,hombre,Trabajador
92311983-3,Ophelia O'Doherty,21,hombre,Trabajador
59517619-0,Romana Woodley,26,hombre,Trabajador
42655208-6,Eoin Sutherland,35,hombre,Trabajador
65573855-k,Angharad Hatfield,55,mujer,Trabajador
62420431-k,Momina Read,37,hombre,Trabajador
56064569-4,Dean Schneider,45,hombre,Trabajador
94422835-7,Shivani Long,33,hombre,Trabajador
35668656-k,Elowen Gillespie,28,hombre,Trabajador
95437335-5,Ivo Patton,24,hombre,Trabajador
63532763-4,Beulah Rodriguez,41,mujer,Trabajador
46680387-1,Ruby-May Bowden,39,mujer,Trabajador
85297873-2,Kimberley Frost,55,hombre,Trabajador
88132030-4,Leonie Schofield,42,mujer,Trabajador
39473167-6,Josh Pittman,25,hombre,Trabajador
58154631-9,Desiree Webber,33,hombre,Trabajador
38830395-6,Tyriq Whitmore,58,hombre,Trabajador
36030482-5,Ashlee Alston,25,mujer,Trabajador
95667888-9,Ottilie Vega,21,hombre,Trabajador
97996738-1,Tanisha Weston,32,hombre,Trabajador
96007294-4,Sohail Huerta,23,mujer,Trabajador
52176953-k,Kasim Curry,35,hombre,Trabajador
59332921-6,Elaina Dillon,56,hombre,Trabajador
23298314-0,Dotty Lees,35,hombre,Trabajador
31113786-7,Amar Gough,32,mujer,Trabajador
87991170-2,Garrett Owen,50,mujer,Trabajador
87631642-0,Clement Johns,42,mujer,Trabajador
17509928-k,Mehdi Whitaker,33,mujer,Trabajador
53089483-5,Moesha Mclean,42,hombre,Trabajador
75523496-6,Miranda Crouch,50,mujer,Trabajador
87734759-1,Malcolm Mair,47,hombre,Trabajador
34424260-7,Dominika Mack,21,hombre,Trabajador
66920820-0,Phebe Paterson,45,hombre,Trabajador
93057304-3,Issac York,48,mujer,Trabajador
82673938-k,Akeel Peacock,55,mujer,Trabajador
14920531-4,Ceara Santana,57,hombre,Trabajador
96260856-6,Mateusz Sharma,43,hombre,Trabajador
86103635-9,Violet Mccray,34,hombre,Trabajador
94384917-k,Archie Rutledge,52,mujer,Trabajador
47329036-7,Nabeel Barry,29,hombre,Trabajador
44867899-7,Elliot English,50,mujer,Trabajador
32690774-k,Awais Vasquez,18,hombre,Trabajador
10544563-6,Aman Nixon,48,mujer,Trabajador
28485302-4,Faraz Chapman,60,mujer,Trabajador
63214394-k,Paulina Milner,55,hombre,Trabajador
36044904-1,Miyah Trevino,26,hombre,Trabajador
10206801-7,Amari Field,42,mujer,Trabajador
34566442-4,Una Kramer,57,hombre,Trabajador
65238271-1,Willie Dotson,57,hombre,Trabajador
54230570-3,Lexi-Mai Haigh,44,mujer,Trabajador
76871405-3,Abigail Coulson,34,hombre,Trabajador
38204359-6,Digby Glover,52,mujer,Trabajador
33456182-8,Don Sadler,42,mujer,Trabajador
75806614-2,Sue Iles,28,mujer,Trabajador
19844189-9,Keegan Stevens,53,mujer,Trabajador
70735043-1,Mariyah Spooner,41,hombre,Trabajador
64221026-2,Brianna Leigh,44,mujer,Trabajador
50453382-4,Mysha Storey,48,mujer,Trabajador
87649058-7,Cole Nairn,60,hombre,Trabajador
75153238-5,Malaikah Burn,29,mujer,Trabajador
12348490-8,Theresa Robson,21,mujer,Trabajador
92445451-2,Anastazja Mcdaniel,20,mujer,Trabajador
49604231-k,Traci Brookes,35,mujer,Trabajador
35288330-1,Ashlea Alexander,20,mujer,Trabajador
90870389-8,Dorothy Barclay,39,mujer,Trabajador
52157315-5,Yuvraj Doyle,21,mujer,Trabajador
35820841-k,Margot Blevins,28,mujer,Trabajador
66361406-1,Samuel Wilkerson,54,hombre,Trabajador
20843742-9,Libbie Jimenez,24,hombre,Trabajador
78059417-9,Tonya Charles,39,hombre,Trabajador
98417733-k,Lucy Sutherland,25,mujer,Trabajador
59170372-2,Sylvia Melendez,47,hombre,Trabajador
25070905-6,Ariya Mora,18,hombre,Trabajador
60370162-3,Martha Hulme,27,mujer,Trabajador
54982068-9,Kylo Hume,29,hombre,Trabajador
66336340-9,Huw Atherton,46,hombre,Trabajador
35685353-9,Shawn Brock,41,mujer,Trabajador
97102977-3,Martyn Parra,38,mujer,Trabajador
58155861-9,Franco Johnston,18,mujer,Trabajador
42168093-0,Pharrell Franklin,55,mujer,Trabajador
59885368-1,Adrianna Khan,37,mujer,Trabajador
61554580-5,Celia Durham,55,mujer,Trabajador
66646618-7,Ilyas Randall,43,mujer,Trabajador
15298663-7,Reagan Schofield,33,mujer,Trabajador
62778278-0,Tanvir Cortes,20,mujer,Trabajador
38287473-0,Bayley Melia,34,hombre,Trabajador
11644968-4,Coen Pena,25,hombre,Trabajador
97781705-6,Hilary Mair,28,mujer,Trabajador
80611905-9,Jaeden Bravo,42,hombre,Trabajador
97343582-5,Philip Turnbull,30,hombre,Trabajador
79693636-3,Aditya Vance,33,mujer,Trabajador
69140468-4,Cosmo Bush,56,hombre,Trabajador
48925896-k,Mysha Weston,53,mujer,Trabajador
20640357-8,Nicolas Zuniga,50,mujer,Trabajador
33016426-3,Ibraheem Gamble,45,mujer,Trabajador
56790702-3,Meerab Short,50,mujer,Trabajador
45276568-3,Haydn Dillard,52,hombre,Trabajador
20335324-3,Caprice Mejia,54,hombre,Trabajador
42226798-0,Gilbert Vang,57,mujer,Trabajador
43129309-9,Zidan Mcguire,19,hombre,Trabajador
26905798-k,Finnian Larson,43,mujer,Trabajador
91119340-k,Tamara Flynn,35,mujer,Trabajador
77625718-4,Shana Feeney,40,mujer,Trabajador
81698647-8,Dalton Colon,38,mujer,Trabajador
15333675-k,Thierry Shaw,21,mujer,Jefe
61993529-2,Bronwyn Orozco,43,mujer,Jefe
22060310-5,Nikki Pearson,27,hombre,Trabajador
77520112-6,Presley Dunkley,31,hombre,Trabajador
75346943-5,Persephone Manning,51,mujer,Trabajador
62550748-0,Sade Keller,60,hombre,Trabajador
77814675-4,Brenda Duncan,35,mujer,Trabajador
64370666-0,Lori Galvan,50,hombre,Trabajador
28752611-3,Davey Gunn,39,mujer,Trabajador
74644456-7,Rhyley Justice,34,mujer,Trabajador
37500745-2,Mohammad Frame,39,hombre,Trabajador
56119224-3,Nancy Blake,20,mujer,Trabajador
59919311-1,Danica Fletcher,59,hombre,Trabajador
11087572-k,Charlene Lambert,19,hombre,Trabajador
12033288-0,Taliyah Cope,43,hombre,Trabajador
49891081-5,Nasir Willis,53,mujer,Trabajador
55705480-4,Akeel Espinosa,32,hombre,Trabajador
98642893-3,Leoni Smyth,39,mujer,Trabajador
49255740-4,Emmanuella Prosser,45,hombre,Trabajador
63360085-6,Thiago Busby,33,hombre,Trabajador
26257768-6,Jadine Gould,26,mujer,Trabajador
17474518-8,Hiba Hough,33,hombre,Trabajador
65884381-8,Liam Ferreira,19,mujer,Trabajador
47287276-1,Laurie Kelley,48,mujer,Trabajador
33078552-7,Neil Miller,19,mujer,Trabajador
48776848-0,Dante Buckner,52,mujer,Trabajador
16222268-6,Kade Garrett,41,mujer,Trabajador
95226644-6,Cataleya Beard,22,hombre,Trabajador
17723136-3,Ivie Stark,30,mujer,Trabajador
83584289-4,Derry Garcia,55,mujer,Trabajador
92554015-3,Luciano Sheldon,55,mujer,Trabajador
48345899-1,Walter Dickinson,18,mujer,Trabajador
49036882-5,Danyl Henry,42,hombre,Trabajador
96964691-9,Elliott Robbins,41,mujer,Trabajador
16775393-0,Saima Ferry,56,mujer,Trabajador
51242629-8,Nicolle Marshall,35,hombre,Trabajador
88806288-2,Kiri Fitzpatrick,54,mujer,Trabajador
57289805-9,Terence Goff,47,mujer,Trabajador
49860637-7,Sahil Davison,44,hombre,Trabajador
27844046-k,Loretta Mcconnell,18,hombre,Trabajador
45504619-k,Jules Wainwright,40,hombre,Trabajador
73453102-2,Jad Woodcock,44,mujer,Trabajador
84569598-9,Tyreece Carter,40,hombre,Trabajador
94688326-3,Aydin Berger,56,hombre,Trabajador
84078768-0,Elisha Mitchell,39,mujer,Trabajador
91223172-0,Manraj Pope,56,mujer,Trabajador
51317447-0,Otto Guest,55,hombre,Trabajador
78463527-9,Rafi Joyce,35,hombre,Trabajador
46025545-7,Eren Eastwood,28,mujer,Trabajador
40424433-7,Trent Delacruz,34,mujer,Trabajador
68428477-0,Princess Sharp,35,hombre,Trabajador
28630079-0,Leja Reeves,46,mujer,Trabajador
63824003-3,Santiago Robles,57,hombre,Trabajador
58307021-4,Shaunie Naylor,49,mujer,Trabajador
77983700-9,Isaac Halliday,26,hombre,Trabajador
57189229-4,Humaira Yoder,35,mujer,Trabajador
41581842-4,Shivam Frey,56,mujer,Trabajador
55106753-k,Courtnie Duffy,35,mujer,Trabajador
19735595-6,Sneha Joseph,58,hombre,Trabajador
45024924-6,Ella-Louise Tillman,53,hombre,Trabajador
63884576-8,Antonio Chan,39,mujer,Trabajador
61262323-6,Aariz Berry,48,hombre,Trabajador
24129722-5,Spike Kim,40,hombre,Trabajador
39567466-8,Aizah Castro,44,hombre,Trabajador
94888169-1,Dolcie Handley,46,hombre,Trabajador
31642814-2,Gracie-Mae Gilbert,43,mujer,Trabajador
79195789-3,Elysia Huerta,28,mujer,Trabajador
56292778-6,Akash Riley,36,hombre,Trabajador
33670116-3,Jem Bailey,47,mujer,Trabajador
48040287-1,Jane Fernandez,28,hombre,Trabajador
14761964-2,Georgina Sargent,46,mujer,Trabajador
27712443-2,Willie Greig,23,hombre,Trabajador
51853396-7,Alina Payne,41,mujer,Trabajador
23711490-6,Tatiana Williams,49,mujer,Jefe
53523140-0,Tevin Rosas,39,mujer,Trabajador
49974632-6,Naseem Schmitt,40,mujer,Trabajador
95598580-k,Ed Sierra,33,mujer,Trabajador
49798131-k,Kabir Melendez,34,hombre,Trabajador
71591727-0,Jakub Huang,50,mujer,Trabajador
30760014-5,Nelly Butler,26,hombre,Trabajador
33904341-8,Hope Serrano,26,mujer,Trabajador
78331019-8,Carson Edmonds,52,hombre,Trabajador
64903395-1,Jimmy Pratt,43,hombre,Trabajador
45125749-8,Zayan Solomon,41,mujer,Trabajador
81498697-7,Fredrick Esparza,51,hombre,Trabajador
78599189-3,Dominik Butt,53,mujer,Trabajador
85682952-9,Usman Church,59,hombre,Trabajador
47738259-2,Zach Hinton,59,mujer,Trabajador
48425773-6,Lea Atkins,51,mujer,Trabajador
82645956-5,Amos Santiago,60,hombre,Trabajador
55956975-5,Rickie Maguire,50,mujer,Trabajador
99875339-2,Liliana Leal,18,mujer,Trabajador
29858450-6,Nicole Holland,32,mujer,Trabajador
74759859-2,Skyla Dorsey,42,hombre,Trabajador
46012714-9,Huma Phelps,55,mujer,Trabajador
43630930-9,Richie Petty,28,hombre,Trabajador
56425505-k,Rabia Pugh,57,hombre,Trabajador
16239796-6,Owen Drummond,56,mujer,Trabajador
10165029-4,Keane Hoover,54,hombre,Trabajador
82809947-7,Jordon Hester,44,hombre,Trabajador
37492390-0,Samera Macleod,44,hombre,Trabajador
87544765-3,Margaux Battle,46,mujer,Trabajador
97901764-2,Huey Leonard,32,mujer,Trabajador
99294258-4,Nabil Ruiz,50,hombre,Trabajador
48060937-9,Imani Decker,35,hombre,Trabajador
85411178-7,Waqas Buchanan,29,mujer,Trabajador
10959343-5,Zayaan Morrison,22,hombre,Trabajador
74630833-7,Kianna Flowers,52,mujer,Trabajador
20909860-1,Milosz Wicks,44,hombre,Trabajador
23748548-3,Harri Burrows,24,hombre,Trabajador
25572424-k,David Hubbard,30,mujer,Trabajador
75653640-0,Saanvi Bernard,38,mujer,Trabajador
49359132-0,Anabel Montgomery,23,mujer,Trabajador
50270274-2,Janet Delarosa,60,hombre,Trabajador
46080300-4,Jerry Delaney,28,hombre,Trabajador
99265623-9,Fenella Galvan,25,mujer,Trabajador
75039658-5,Taine Calvert,60,hombre,Trabajador
79735673-5,Thea Whiteley,49,hombre,Trabajador
34864642-7,Vikki Bradshaw,47,mujer,Trabajador
38563658-k,Cruz Winter,40,mujer,Trabajador
13463271-2,Mollie Fraser,35,hombre,Trabajador
50109588-5,Saif Bostock,39,mujer,Trabajador
44126502-6,Maciej Romero,25,mujer,Trabajador
73352137-6,Hilda Brett,48,hombre,Trabajador
70156418-9,Hussein Hobbs,27,hombre,Trabajador
96557795-5,Michele Corbett,23,hombre,Trabajador
76413818-k,Grady Esquivel,50,mujer,Trabajador
66119831-1,Ariella Werner,28,hombre,Trabajador
81600879-4,Vinny Vazquez,21,hombre,Trabajador
69698793-9,Eamon Conway,53,hombre,Trabajador
91888069-0,Emme Marriott,58,hombre,Trabajador
73075290-3,Jae Ali,23,mujer,Trabajador
95932617-7,Sade Slater,48,mujer,Trabajador
69402733-4,Kerys Joseph,20,hombre,Trabajador
67391164-1,Gia Elliott,46,hombre,Trabajador
81492646-k,Kenny Gaines,23,hombre,Trabajador
15286948-7,Corban Stacey,53,hombre,Trabajador
13993032-0,Summer Clements,30,hombre,Trabajador
10348170-8,Sia Begum,46,mujer,Trabajador
46088353-9,Rochelle Cain,41,hombre,Trabajador
20180335-7,Ollie Morrow,42,hombre,Trabajador
37630974-6,Frederic Brooks,44,mujer,Jefe
66540267-3,Aadam Dunlop,55,hombre,Trabajador
45631604-2,Jareth Castillo,52,mujer,Trabajador
80885102-4,Alesha Roth,23,hombre,Trabajador
22587614-2,Khia Kline,33,mujer,Trabajador
29728267-0,Clayton Golden,27,mujer,Trabajador
79029236-7,Toni Morris,58,hombre,Trabajador
95435510-1,Rahul Horne,23,mujer,Trabajador
61662429-6,Wyatt Stephens,33,mujer,Trabajador
92931585-5,Dulcie Kearns,52,hombre,Trabajador
55994808-k,Imogen Wills,22,hombre,Trabajador
63688364-6,Marianne Mays,47,mujer,Trabajador
95185947-8,Florrie Pacheco,29,hombre,Trabajador
84964932-9,Jaidon Gay,52,mujer,Trabajador
54106148-7,Clay Huynh,18,mujer,Trabajador
56781936-1,Alisa Carpenter,31,hombre,Trabajador
99116865-6,Darcie-Mae Hutton,22,hombre,Trabajador
54178021-1,Tyrese Bishop,29,mujer,Trabajador
68035652-1,Nyah Croft,52,mujer,Trabajador
83131309-9,Evie-Grace Hayden,49,hombre,Trabajador
57078757-8,Katie Yoder,49,hombre,Trabajador
78166652-1,Ottilie Campos,49,mujer,Trabajador
32359787-1,Jasper Harvey,54,mujer,Jefe
12460058-8,Gabija Norton,32,hombre,Trabajador
85594953-9,Alexandra Naylor,49,mujer,Trabajador
35776394-0,Francis Luna,46,mujer,Trabajador
44171043-7,Mahi Vargas,28,hombre,Trabajador
24945173-8,Jonny Cortes,43,mujer,Trabajador
14377401-5,Ari Tomlinson,51,hombre,Trabajador
54801563-4,Cem Buckley,55,hombre,Trabajador
61514910-1,Roisin Contreras,22,mujer,Trabajador
77020926-9,Uma Morales,45,mujer,Trabajador
21924647-1,Shamima Wormald,44,mujer,Trabajador
58000701-5,Eleasha Craig,31,hombre,Trabajador
76160177-6,Caitlyn Mckenzie,37,mujer,Trabajador
38317707-3,Romilly Heath,24,hombre,Trabajador
59089616-0,Jordi Thorne,57,mujer,Trabajador
94123958-7,Malaki Wiggins,37,hombre,Trabajador
85394005-4,Adela Cordova,37,hombre,Trabajador
33298524-8,Alys Schwartz,30,mujer,Trabajador
40588157-8,Jill Baker,57,hombre,Trabajador
62820832-8,Jad Mercer,20,mujer,Trabajador
61995722-9,Darla Childs,21,hombre,Trabajador
60211995-5,Manav Hampton,34,hombre,Trabajador
51667797-k,Vijay Palacios,52,mujer,Trabajador
74357811-2,Laith Paul,49,mujer,Trabajador
76356563-7,Samirah O'Brien,25,mujer,Trabajador
99837067-1,Charlie Rahman,53,mujer,Jefe
28060713-4,Eoin Sosa,54,hombre,Trabajador
15614052-k,Teddie Leal,34,mujer,Trabajador
83917354-7,Dillon Reeves,49,mujer,Trabajador
27852199-0,Alasdair Lucas,56,hombre,Trabajador
74895468-6,Sabah Skinner,46,hombre,Trabajador
81559564-5,Harriett Castillo,23,mujer,Trabajador
63459997-5,Macauley Davison,39,mujer,Trabajador
45717384-9,Reginald Tanner,36,mujer,Trabajador
55012555-2,Kacy Stubbs,60,hombre,Trabajador
22274441-5,Timothy Senior,29,mujer,Trabajador
33090056-3,Annabelle Stephens,37,hombre,Trabajador
25342278-5,Codie Sampson,24,mujer,Trabajador
60574488-5,Quinn Munro,25,mujer,Trabajador
65855526-k,Ethel Colon,50,hombre,Trabajador
55326528-2,Haley Bonilla,58,hombre,Trabajador
31690607-9,Afsana Roth,21,hombre,Trabajador
13938471-7,Loki Snyder,45,mujer,Trabajador
12957899-8,Milena Bright,37,hombre,Jefe
33572631-6,Oliwia Livingston,29,mujer,Trabajador
34966889-0,Anne Bray,28,mujer,Trabajador
47377094-6,Alexandria Garrison,53,hombre,Trabajador
46187096-1,Awais Berger,39,mujer,Trabajador
26635765-6,Braiden Hoover,42,hombre,Trabajador
79446327-1,Charlene Chester,38,hombre,Trabajador
18969557-8,Simone Akhtar,53,hombre,Trabajador
21840388-3,Andrea Chen,51,hombre,Trabajador
69265725-k,Yisroel O'Neill,21,mujer,Trabajador
47673879-2,Arwen Flores,34,hombre,Trabajador
33461543-k,Kimora Ridley,28,mujer,Trabajador
38717290-4,Jayden-James Mckay,49,mujer,Trabajador
69705129-5,Jeff Lane,21,hombre,Trabajador
53234460-3,Mary Manning,57,mujer,Trabajador
58593290-6,Hermione Ventura,58,hombre,Trabajador
44100123-1,Nataniel Miller,38,mujer,Trabajador
43776217-1,Agnes Singleton,34,mujer,Trabajador
59445067-1,Florrie Drew,55,hombre,Trabajador
70851011-4,Grace O'Moore,31,mujer,Trabajador
77941465-5,Julia Moses,39,hombre,Trabajador
53511335-1,Keith Mccall,60,mujer,Trabajador
60517573-2,Caprice Davies,22,hombre,Trabajador
53747213-8,Tiffany May,51,mujer,Trabajador
46491043-3,Herbert Hawes,19,mujer,Trabajador
73543707-0,Kelise Fraser,45,mujer,Trabajador
79861684-6,Lacy Simon,41,hombre,Trabajador
61786224-7,Marianna Barry,20,hombre,Trabajador
38405094-8,Shay Glass,45,mujer,Trabajador
70733075-9,Nathanael Carlson,22,hombre,Trabajador
89200986-4,Campbell Vazquez,31,hombre,Trabajador
71962392-1,Fariha Barnard,20,hombre,Trabajador
53329659-9,Subhan Pearce,59,hombre,Trabajador
78156640-3,Petra Sharp,48,hombre,Trabajador
69760987-3,Olivia-Mae Carey,47,mujer,Trabajador
79625227-8,Noah Avalos,31,mujer,Trabajador
95777850-k,Ira Houston,53,mujer,Trabajador
34352032-8,Mcauley Robles,48,mujer,Trabajador
58748811-6,Stanley Soto,26,mujer,Trabajador
96213302-9,Geoffrey Ellis,26,hombre,Trabajador
78918085-7,Aviana Nairn,48,hombre,Trabajador
62832139-6,Anaya Rice,52,hombre,Trabajador
11091024-k,Teddy Henderson,51,hombre,Trabajador
29676675-5,Naya Melia,59,mujer,Trabajador
89793517-1,Lorraine Maxwell,21,hombre,Trabajador
25198755-6,Ivie Perez,41,hombre,Trabajador
80588097-k,Riccardo Hamilton,40,mujer,Trabajador
29989393-6,Tyrique Healy,22,mujer,Trabajador
30224213-5,Jonathan Turner,33,mujer,Trabajador
79344858-9,Tierney Mackay,55,hombre,Trabajador
84729190-7,Corrie Kirkpatrick,57,hombre,Trabajador
97632703-9,Kimberly Mason,20,hombre,Trabajador
44770429-3,Darragh Foreman,58,mujer,Trabajador
63421928-5,Nel Carson,19,hombre,Trabajador
31459690-0,Zayne Crane,40,hombre,Trabajador
13904984-5,Lilli Leech,37,mujer,Trabajador
34183638-7,Adnaan Rowley,34,hombre,Trabajador
51827744-8,Sian Montgomery,22,mujer,Trabajador
58496906-7,Arham Johnson,41,hombre,Trabajador
93066103-1,Josh Fry,34,mujer,Trabajador
82833215-5,Marwah Wiggins,51,hombre,Trabajador
60747994-1,John-James Burton,46,hombre,Jefe
87772349-6,Kohen Tait,47,hombre,Trabajador
59444986-k,Adrian Fitzgerald,51,hombre,Trabajador
34882918-1,Tevin Walter,46,mujer,Trabajador
49166815-6,Mila Rhodes,58,hombre,Trabajador
90594532-7,Alix Thatcher,24,mujer,Trabajador
89025372-5,Judith Stott,38,mujer,Trabajador
30854312-9,Nabila Byers,25,mujer,Trabajador
60987426-0,Verity Murray,47,hombre,Trabajador
41704207-5,Talia Ellwood,26,mujer,Trabajador
15460166-k,Nicky O'Brien,36,mujer,Trabajador
96863860-2,Jamie-Lee Cook,40,hombre,Trabajador
11554909-k,Casper Pruitt,47,mujer,Trabajador
83118985-1,Millie-Rose Frost,39,hombre,Trabajador
46962859-0,Ignacy Leblanc,29,hombre,Trabajador
71075215-k,Marcelina Lowery,33,hombre,Trabajador
91059844-9,Nyla Paul,42,mujer,Trabajador
93207016-2,Rhianna Gilliam,47,hombre,Trabajador
53171533-0,Courtney O'Sullivan,40,mujer,Trabajador
32628385-1,Rebeca Park,41,hombre,Trabajador
93840785-1,Lola-Mae Kay,34,hombre,Trabajador
25368817-3,Makayla Crowther,20,mujer,Trabajador
25750021-7,Faiz Edmonds,43,hombre,Trabajador
79758989-6,Cadi Stokes,35,hombre,Trabajador
99748016-3,Jibril Davie,32,hombre,Trabajador
53038300-8,Jasper Hicks,41,mujer,Trabajador
87634133-6,Kara Rivas,49,hombre,Trabajador
81955785-3,Amanpreet Mata,58,hombre,Trabajador
18076157-8,Patryk Vang,45,hombre,Trabajador
14811794-2,Siyana Krueger,38,hombre,Trabajador
45589350-k,Hailie Kirkpatrick,58,mujer,Trabajador
22479749-4,Amelia-Rose Nguyen,45,hombre,Trabajador
80843691-4,Callie Collier,29,hombre,Trabajador
28738037-2,Owain Rollins,46,hombre,Trabajador
90471139-k,Abubakar Bowler,25,mujer,Jefe
20032612-1,Jean Cullen,54,hombre,Trabajador
44060880-9,Edward Truong,34,mujer,Trabajador
44604413-3,Christie Zavala,55,mujer,Jefe
48161908-4,Annaliese Rosa,47,hombre,Trabajador
10669832-5,Bridget Mckee,56,hombre,Trabajador
22532060-8,Kofi Mcdermott,37,hombre,Trabajador
10619372-k,Arla Hinton,22,mujer,Trabajador
34846808-1,Sophia Ryan,35,hombre,Trabajador
93009498-6,Subhaan Corbett,29,hombre,Trabajador
17459269-1,Mared Pineda,60,hombre,Trabajador
48433213-4,Danica Hutchings,23,mujer,Trabajador
85884715-k,Abbas Gonzales,38,hombre,Trabajador
83386046-1,Scarlet Banks,25,mujer,Trabajador
41740767-7,Suhayb Frame,29,mujer,Trabajador
35785969-7,Imaad Knox,49,mujer,Trabajador
78479752-k,Carys Conrad,19,hombre,Trabajador
60854678-2,Heena Valenzuela,55,mujer,Trabajador
86367440-9,Reyansh Mccormick,29,mujer,Trabajador
44749202-4,Shahzaib Bellamy,22,mujer,Trabajador
51093069-k,Ihsan Kelley,42,hombre,Trabajador
23970806-4,Tyrell Clay,47,hombre,Trabajador
15373219-1,Kathryn Whiteley,48,mujer,Trabajador
30680313-1,Chase Horner,27,hombre,Trabajador
80282829-2,Oliver Fitzpatrick,40,hombre,Trabajador
23648509-9,Angus Fleming,29,hombre,Trabajador
72157153-k,Naeem Sharpe,38,hombre,Trabajador
57728317-6,Javan Wiley,23,hombre,Trabajador
58303600-8,Sienna Neale,22,hombre,Trabajador
64651214-k,Korben Hurley,50,hombre,Trabajador
23819538-1,Julie Hart,48,hombre,Trabajador
41226633-1,Rafael Cisneros,60,hombre,Trabajador
86164302-6,Adela Tillman,45,hombre,Trabajador
32211035-9,Justine Black,23,mujer,Trabajador
52247620-k,Adam Grant,39,mujer,Trabajador
46787382-2,Alana Rahman,21,hombre,Trabajador
70116705-8,Rehaan Dunlop,25,mujer,Trabajador
30928102-0,Dane Sharma,42,mujer,Trabajador
33466037-0,Nakita Meza,52,mujer,Trabajador
63483183-5,Daria Ellison,49,hombre,Trabajador
34012878-8,Ilyas Puckett,25,mujer,Trabajador
62425949-1,Raees Livingston,21,mujer,Trabajador
33199896-6,Kien Christensen,50,hombre,Trabajador
88697741-7,Kiran Hanna,36,mujer,Trabajador
67414624-8,Krista Head,33,mujer,Trabajador
37220030-8,Cleo Aguilar,26,hombre,Trabajador
85122660-5,Conrad Buchanan,36,mujer,Trabajador
56485501-4,Arif Thorne,33,mujer,Trabajador
31793868-3,Sonya Smart,60,mujer,Trabajador
48176712-1,Milly Olson,21,mujer,Trabajador
77214559-4,Adyan Wicks,52,hombre,Trabajador
62196038-5,Danyl Boyer,47,mujer,Trabajador
20034783-8,Steven Hills,53,mujer,Trabajador
92898031-6,Fred Salter,31,mujer,Trabajador
97675067-5,Taine Ireland,34,mujer,Trabajador
69251591-9,Bella-Rose Cox,45,mujer,Trabajador
45385992-4,Lillia Hartman,51,mujer,Trabajador
11544489-1,Ellenor Lara,28,mujer,Trabajador
58844715-4,Jorgie Power,23,mujer,Trabajador
75903526-7,Donna Montes,44,mujer,Trabajador
80698616-k,Mai Regan,35,hombre,Trabajador
40127235-6,Abdur Heath,41,mujer,Trabajador
53609901-8,Freya Gross,50,hombre,Trabajador
63974341-1,Elspeth Rice,55,mujer,Trabajador
51433500-1,Christopher Macleod,51,hombre,Trabajador
12815044-7,Bernard Wells,56,hombre,Trabajador
58976828-0,Myles Nash,52,hombre,Trabajador
42678415-7,Alyce Kirkpatrick,22,mujer,Trabajador
63936216-7,Brandi Conroy,33,mujer,Trabajador
71162268-3,Lester Contreras,51,mujer,Trabajador
66478458-0,Aria Massey,38,mujer,Trabajador
49718772-9,Maxime Haigh,18,mujer,Trabajador
82319208-8,Madeleine Henson,21,mujer,Trabajador
13690129-k,Arslan Horton,40,hombre,Trabajador
69135613-2,Jobe Hopper,48,hombre,Trabajador
57133149-7,Caius Ball,37,mujer,Trabajador
89265324-0,Naima Perez,40,hombre,Jefe
11077126-6,Sulaiman Martin,25,hombre,Trabajador
21823347-3,Thalia Scott,56,mujer,Trabajador
37981852-8,Natalya Morgan,34,hombre,Trabajador
26100581-6,Andrew Santos,22,hombre,Trabajador
73557956-8,Cora Becker,57,mujer,Trabajador
26617374-1,Allana Jarvis,52,hombre,Trabajador
33911863-9,Scarlett Cassidy,49,hombre,Trabajador
53783913-9,Kyle Aguirre,30,hombre,Trabajador
43173481-8,David Beach,18,mujer,Trabajador
80600254-2,Mehak Dawson,55,mujer,Trabajador
45751112-4,Finnian Waller,18,hombre,Trabajador
22027409-8,Rupert Ahmed,28,hombre,Trabajador
56944351-2,Kelly Keenan,34,hombre,Trabajador
11798235-1,Gage Stafford,59,hombre,Trabajador
41091494-8,Yahya York,21,hombre,Trabajador
69777560-9,Tyreece Cohen,43,hombre,Trabajador
89861491-3,Tanisha Allen,24,mujer,Trabajador
10254486-2,Amie Fuller,22,mujer,Trabajador
12166206-k,Anam Mcarthur,44,hombre,Trabajador
11557739-5,Georga Duffy,47,mujer,Trabajador
88732812-9,Dante Nava,44,mujer,Jefe
54475883-7,Santino Robson,23,mujer,Trabajador
42162871-8,Roan Stubbs,31,mujer,Trabajador
62036438-k,Albert Irvine,22,hombre,Trabajador
86819507-k,Warwick Webber,37,mujer,Trabajador
61774912-2,Uzma Burris,50,mujer,Trabajador
12412672-k,Tyreke Gilmore,59,mujer,Trabajador
64063874-5,Kaylan Huff,31,hombre,Trabajador
50511840-5,Gene Melton,30,hombre,Trabajador
70012917-9,Alistair Sanford,59,mujer,Trabajador
87859472-k,Libbie Camacho,59,mujer,Trabajador
16836029-0,Dania Love,36,hombre,Trabajador
68903163-3,Abbi Millington,27,hombre,Trabajador
50022661-7,Ritchie Rose,29,hombre,Trabajador
24796080-5,Cooper Draper,21,hombre,Trabajador
51193594-6,Avani Phan,55,mujer,Trabajador
30364676-0,Alexis Kearney,22,hombre,Trabajador
82376572-k,Arnav Shannon,54,hombre,Trabajador
13068977-9,Evelina Dickerson,46,hombre,Trabajador
12673702-5,Zayaan Paterson,44,mujer,Trabajador
45400053-6,Alister Hills,41,hombre,Trabajador
40644356-6,Kajal Short,27,hombre,Jefe
50321392-3,Trystan Wall,44,mujer,Trabajador
67609462-8,Abubakr Benjamin,59,hombre,Trabajador
83028620-9,Zackery Sheridan,54,mujer,Trabajador
89077953-0,Izaan Byrd,22,mujer,Trabajador
93550420-1,Billie Durham,37,hombre,Trabajador
58366562-5,Lois Charlton,31,mujer,Trabajador
47981838-k,Jade Thatcher,30,hombre,Trabajador
73178495-7,Nafisa Foster,39,mujer,Trabajador
29950437-9,Cleo Goodwin,49,hombre,Trabajador
14240870-8,Austin Riddle,24,hombre,Trabajador
59150917-9,Ines Fountain,34,hombre,Trabajador
60158787-4,Keeva Allan,37,hombre,Trabajador
33802463-0,Shelby Holder,54,mujer,Trabajador
20672410-2,Lara Mcmahon,44,mujer,Trabajador
75295314-7,Josie Ibarra,47,mujer,Trabajador
79687907-6,Effie Washington,49,hombre,Trabajador
70368495-5,Humairaa Knights,19,mujer,Jefe
42679613-9,Hina Oneal,18,hombre,Trabajador
34603233-2,Rayan Mccray,60,hombre,Trabajador
17286061-3,Kory Hays,29,mujer,Trabajador
11453035-2,Kerri Herbert,56,mujer,Trabajador
58963604-k,Ranveer Cope,23,mujer,Jefe
82903113-2,Trey Evans,39,hombre,Trabajador
85778387-5,Aran Osborn,57,mujer,Trabajador
88104231-2,Arfa Crouch,54,mujer,Trabajador
44840159-6,Harriette Hubbard,28,mujer,Trabajador
33874298-3,Annabelle Hester,41,mujer,Trabajador
22937366-8,Jevan Martins,49,mujer,Trabajador
18902520-3,Gregg Douglas,55,mujer,Jefe
22412109-1,Caspian Potts,43,hombre,Trabajador
68155764-4,Bryony Henry,37,hombre,Trabajador
22169359-0,Finnley Orr,23,hombre,Trabajador
22913410-8,Cayson Branch,30,mujer,Trabajador
97538963-4,Rhonda Reeve,20,hombre,Trabajador
41266992-4,Martina Betts,48,mujer,Trabajador
78459862-4,Kinga Redmond,22,hombre,Trabajador
26113418-7,Henri Barrett,40,hombre,Trabajador
63699218-6,Izabella Bate,32,mujer,Trabajador
86339917-3,Elleanor Kane,23,mujer,Trabajador
35480818-8,Heath Cruz,44,mujer,Trabajador
70841109-4,Isabella-Rose Patrick,59,hombre,Trabajador
81203114-7,Ava Gilbert,21,mujer,Jefe
38072383-2,Haris Humphreys,28,hombre,Trabajador
36692442-6,Darsh Macias,51,mujer,Trabajador
82429778-9,Alexandra Barrera,51,hombre,Trabajador
19150492-5,Zubair Benjamin,54,mujer,Trabajador
22150901-3,Gerrard Ho,47,mujer,Jefe
86083776-5,Cerys Clarkson,25,hombre,Trabajador
56093204-9,Callan Lowe,44,mujer,Trabajador
66169613-3,Maddox Moon,57,hombre,Trabajador
20820475-0,Zaine Trujillo,23,hombre,Trabajador
40597717-6,Jardel Keith,58,hombre,Jefe
54451953-0,Fred Sharples,34,mujer,Trabajador
83640016-k,Catriona Cresswell,36,mujer,Trabajador
77354291-0,Mysha Firth,22,hombre,Trabajador
64043694-8,Thea Stephens,58,mujer,Trabajador
93433032-3,Aleena Maguire,38,mujer,Trabajador
36706688-1,Evie-Grace Middleton,47,mujer,Trabajador
26475026-1,Adrienne Lamb,20,mujer,Trabajador
15369176-2,Bridie Stanley,51,hombre,Trabajador
33006349-1,Taybah Best,32,mujer,Trabajador
77785207-8,Enid Flower,56,hombre,Trabajador
57792927-0,Edmund Whelan,23,mujer,Trabajador
19142189-2,Carrie-Ann Dickson,59,mujer,Trabajador
27143992-k,Sara Horn,33,mujer,Trabajador
19410523-1,Reiss Lutz,29,hombre,Jefe
21672114-4,Oran Valdez,40,hombre,Trabajador
99463426-7,Summer-Louise Strong,31,hombre,Trabajador
44372095-2,Rhydian Keeling,22,mujer,Jefe
80228379-2,Aisling Chaney,51,mujer,Jefe
21330792-4,Lulu Sexton,25,hombre,Trabajador
37184049-4,Elliot Pacheco,30,mujer,Trabajador
13592940-9,Cem Moss,20,mujer,Trabajador
36205098-7,Zeshan Mcmillan,23,mujer,Trabajador
96828461-4,Mahnoor Legge,24,hombre,Jefe
17159919-9,Nina Holding,36,mujer,Trabajador
44822766-9,Hiba Clemons,43,hombre,Trabajador
61892040-2,Kasim Brooks,59,mujer,Trabajador
60031280-4,Nakita Kelly,36,mujer,Trabajador
20600805-9,Hughie Storey,19,hombre,Trabajador
90739234-1,Keanan Cordova,33,mujer,Trabajador
59137080-4,Hailie Robertson,58,mujer,Trabajador
43329730-k,Lily-Rose Wharton,49,mujer,Jefe
42354523-2,Presley Mcgowan,44,hombre,Trabajador
91461351-5,Alister Hartman,58,mujer,Trabajador
69167855-5,Iris Fowler,25,mujer,Trabajador
81560843-7,Kailum Caldwell,52,mujer,Trabajador
72856019-3,Mila-Rose Ramsey,24,mujer,Trabajador
35656775-7,Julien Sloan,59,mujer,Trabajador
22566169-3,Yisroel Wheatley,59,mujer,Trabajador
76563311-7,Tyler-Jay Forster,35,mujer,Trabajador
22001298-0,Justine Wood,59,mujer,Trabajador
87548946-1,Rianne Coleman,26,mujer,Trabajador
22977216-3,Demi-Leigh Byrd,39,hombre,Trabajador
28353821-4,Eleanor Charlton,47,hombre,Trabajador
54570173-1,Indigo Liu,42,mujer,Trabajador
37742604-5,Gavin Jeffery,43,mujer,Trabajador
71518049-9,Kiera Mccallum,46,hombre,Trabajador
66398573-6,Nimrah Lowery,31,mujer,Trabajador
16315937-6,Nichole Savage,28,hombre,Trabajador
14885951-5,Ellie-Mai Hutton,22,mujer,Trabajador
30775222-0,Arfa Boyer,39,mujer,Trabajador
75910499-4,Jacques Carter,41,mujer,Jefe
85055980-5,Georga Salinas,51,mujer,Trabajador
50536630-1,Sylvia Mcfarland,37,hombre,Trabajador
54122700-8,Samad Neville,32,mujer,Jefe
72429091-4,Collette Munro,39,mujer,Trabajador
75281837-1,Bryce Watt,58,mujer,Trabajador
32750103-8,Theo Davenport,24,hombre,Trabajador
56350683-0,Melisa Travis,31,mujer,Trabajador
10619776-8,Dalia Jefferson,20,mujer,Trabajador
64269343-3,Johnny Perry,57,mujer,Trabajador
77366538-9,Gina Cortes,59,mujer,Trabajador
21875469-4,Margo Stuart,19,mujer,Trabajador
14002078-8,Gracie-May Patton,29,hombre,Trabajador
37608219-9,Bree Cleveland,35,mujer,Trabajador
83330704-5,Clarke Mcloughlin,28,hombre,Jefe
57931953-4,Sheila Gilmore,51,hombre,Trabajador
63382431-2,Bea Mcnally,50,mujer,Trabajador
98296705-8,Cyrus Fountain,47,mujer,Trabajador
59495529-3,Lacey Thatcher,23,hombre,Trabajador
38235761-2,Laith Zimmerman,22,mujer,Trabajador
65731455-2,Teodor Lim,31,hombre,Trabajador
38470405-0,Sherri Kearns,46,mujer,Trabajador
20789297-1,Maiya Villa,48,mujer,Jefe
53456223-3,Mack Wallis,38,mujer,Trabajador
80508950-4,Clodagh Greenaway,44,mujer,Trabajador
94864113-5,Carter Richards,31,hombre,Trabajador
36432728-5,Robyn Riddle,28,mujer,Trabajador
25497638-5,Erika Greene,49,mujer,Trabajador
48459253-5,Omari Fuller,53,hombre,Trabajador
17070747-8,Lewis Mcleod,31,hombre,Trabajador
13890944-1,Elliott Irwin,19,hombre,Trabajador
82993651-8,Madeleine Stokes,32,mujer,Trabajador
44380500-1,Vikki Partridge,19,mujer,Trabajador
50319391-4,Arianna Vazquez,57,mujer,Jefe
81602032-8,Campbell Shepherd,51,hombre,Trabajador
91888493-9,Carley Dixon,46,mujer,Trabajador
81234956-2,Elizabeth Hopper,26,hombre,Trabajador
53383454-k,Reya Bruce,52,mujer,Jefe
48996426-0,Karter Swan,43,hombre,Jefe
99937169-8,Hettie Sweeney,52,hombre,Trabajador
37839960-2,Sienna Weaver,49,hombre,Trabajador
31845287-3,Evelyn Duran,51,hombre,Trabajador
15451762-6,Ava-Mai Spooner,40,mujer,Trabajador
93635199-9,Amanah Mckay,46,hombre,Trabajador
73833231-8,Alanis Clark,40,mujer,Trabajador
46188032-0,Anish Coleman,23,hombre,Trabajador
97404549-4,Elle Lindsay,37,hombre,Trabajador
46033111-0,Brandon Rodrigues,55,mujer,Trabajador
83029887-8,Allison Costa,38,mujer,Jefe
37376941-k,Anis Cohen,32,hombre,Jefe
18165501-1,Beauden Gilmour,34,hombre,Trabajador
83635222-k,Jannat O'Moore,46,hombre,Trabajador
95759065-9,Aanya Foster,31,hombre,Trabajador
25327705-k,Mylah Long,50,mujer,Trabajador
82693313-5,Kayden Delarosa,34,hombre,Trabajador
56474633-9,Fahad Travers,33,hombre,Trabajador
84911278-3,Samiya Hardin,57,mujer,Trabajador
64501886-9,Jake Hatfield,19,hombre,Jefe
20467855-3,Joseff Peters,33,hombre,Trabajador
76396643-7,Maisey Alexander,33,hombre,Trabajador
41545483-k,Lucy Dunlap,22,hombre,Trabajador
54593722-0,Nathaniel Mcgill,54,hombre,Jefe
74269105-5,Layton Sparks,24,mujer,Trabajador
16689945-1,Jiya Irvine,20,hombre,Trabajador
92951996-5,Dylan Nicholls,41,hombre,Trabajador
71180222-3,Sameera Robson,30,hombre,Trabajador
66185512-6,Kaeden Frazier,56,hombre,Trabajador
54245196-3,Artur Stokes,30,mujer,Trabajador
52650167-5,Patrik Dodson,45,mujer,Trabajador
31194216-6,Marnie Macfarlane,27,mujer,Jefe
75981648-k,Daphne Mccallum,29,hombre,Trabajador
67314332-6,Luther Simon,21,mujer,Jefe
79308193-6,Hasan Harrison,45,hombre,Trabajador
49628420-8,Taiba Richmond,55,mujer,Jefe
26135720-8,Olivia-Mae Hicks,32,hombre,Jefe
28370900-0,Kurt Sutton,52,hombre,Trabajador
32219010-7,Reanne Cooke,20,mujer,Trabajador
14408869-7,Haleemah Baxter,23,mujer,Jefe
27183294-k,Codie Galloway,48,hombre,Trabajador
26249833-6,Lance Weber,20,mujer,Jefe
35115737-2,Cai Mcneil,39,mujer,Jefe
38578737-5,Cally Hopper,34,mujer,Jefe
89213188-0,Sebastien Petersen,53,mujer,Trabajador
34823992-9,Shane Kelly,43,mujer,Jefe
59890575-4,Guto Benitez,43,mujer,Trabajador
66284985-5,Anees Morse,36,mujer,Trabajador
93176945-6,Liyah Cooper,22,hombre,Jefe
34975310-3,Shahzaib Espinoza,50,mujer,Jefe
80558312-6,Suzanna Romero,49,hombre,Jefe
88408240-4,Matias Strickland,52,hombre,Jefe
68225683-4,Georgiana Yu,56,hombre,Trabajador
29295221-k,Amritpal Whyte,32,mujer,Trabajador
22760013-6,Lucien Watkins,54,mujer,Trabajador
27003910-3,Carter Plummer,28,hombre,Trabajador
93129167-k,Sabiha O'Quinn,60,mujer,Trabajador
18067050-5,Tayyibah Mckinney,50,mujer,Trabajador
89118524-3,Jibril Hall,28,mujer,Trabajador
71389826-0,Ahsan Flynn,46,hombre,Jefe
90007582-0,Jesus Small,52,hombre,Trabajador
53281073-6,Denise Daniel,40,mujer,Jefe
96735305-1,Isabell Hogan,26,hombre,Jefe
57829633-6,Ivan Allison,24,hombre,Trabajador
29803983-4,Melissa Ashley,59,hombre,Trabajador
22783728-4,Natalya Thorpe,26,hombre,Trabajador
20694588-5,Anisha Brady,51,mujer,Trabajador
60038263-2,Zakariyah Williamson,24,mujer,Trabajador
72611524-9,Nayla Bates,55,mujer,Trabajador
71796805-0,Aubree Marsden,59,mujer,Trabajador
14309109-0,Pia Short,52,hombre,Trabajador
60139069-8,Fatima Traynor,56,mujer,Trabajador
30991735-9,Imran Senior,40,mujer,Jefe
80640357-1,Jose Farrell,39,hombre,Jefe
13370165-6,Montgomery Cornish,19,hombre,Jefe
73418283-4,Kingsley Goddard,19,mujer,Trabajador
59060940-4,Chance Barlow,25,hombre,Trabajador
67170407-k,Chelsy Whitley,27,mujer,Trabajador
74500563-2,Alfie-James Moyer,55,hombre,Trabajador
34776869-3,Izabelle Frey,50,mujer,Trabajador
97754557-9,Bjorn Salazar,35,mujer,Trabajador
75328775-2,Ruby-Leigh Stevenson,24,hombre,Trabajador
74361473-9,Theia Parkes,50,mujer,Trabajador
43123228-6,Kian Branch,37,hombre,Trabajador
99184175-k,Isla-Mae Calhoun,28,mujer,Trabajador
12205074-2,Rodney Woodcock,31,hombre,Jefe
34996262-4,Derrick Fritz,52,mujer,Jefe
88283175-2,Patience Waters,44,hombre,Trabajador
35773199-2,Miruna Friedman,37,hombre,Trabajador
94362008-3,Ralphy Phan,28,hombre,Jefe
70366259-5,Camron Chaney,50,hombre,Jefe
79922398-8,Iram Carroll,60,hombre,Trabajador
85831418-6,Sallie Wolf,58,mujer,Trabajador
99223381-8,Lilly-Grace Tucker,53,hombre,Trabajador
37925650-3,Avneet Pennington,43,mujer,Trabajador
62422623-2,Connor Weir,44,hombre,Trabajador
67629255-1,Ainsley Read,25,mujer,Trabajador
37117213-0,Jaheim William,19,hombre,Trabajador
36600416-5,Suranne Byrd,46,hombre,Jefe
96217495-7,Millie Nava,33,hombre,Trabajador
18454632-9,Tom Palacios,35,hombre,Trabajador
57041868-8,Muneeb Huff,53,mujer,Trabajador
75129314-3,Ziva Langley,47,hombre,Jefe
81168161-k,April Peters,50,hombre,Trabajador
19533896-5,Akash Kendall,35,hombre,Trabajador
25309713-2,Lily-Anne Barnes,54,hombre,Trabajador
59105378-7,Ayaan Bass,45,hombre,Jefe
83123905-0,Carter Bradshaw,47,hombre,Trabajador
64268937-1,Zachary Marks,19,mujer,Trabajador
70202613-k,Ffion Allison,38,hombre,Trabajador
34048567-k,Fynley Glenn,47,mujer,Trabajador
14197251-0,Susie Crane,57,mujer,Trabajador
17167867-6,Dionne Dowling,48,hombre,Trabajador
95514882-7,Denzel Herrera,39,hombre,Trabajador
48630167-8,Brandan Mcdougall,42,mujer,Trabajador
54121962-5,Patryk Enriquez,46,hombre,Jefe
66199699-4,Massimo Needham,30,hombre,Trabajador
65809271-5,Maleeha Rice,60,mujer,Trabajador
49159506-k,Abdur-Rahman O'Reilly,19,mujer,Trabajador
21878618-9,Joan Alvarado,49,hombre,Trabajador
35806868-5,Asma Brook,32,mujer,Jefe
96332059-0,Danyl James,31,mujer,Trabajador
29877385-6,Cecelia Bender,20,hombre,Trabajador
97166191-7,Abdi Mccoy,24,hombre,Trabajador
81403585-9,Rhonda Carney,40,mujer,Trabajador
97985609-1,Willis Herbert,18,mujer,Trabajador
47591540-2,Bella-Rose Rivers,56,mujer,Trabajador
67902197-4,Junayd Andersen,43,hombre,Jefe
85743167-7,Genevieve Booth,53,mujer,Trabajador
63214464-4,Bridie Currie,35,mujer,Trabajador
82270937-0,Samuel Sheridan,20,hombre,Trabajador
80438756-0,Deen Smyth,48,hombre,Trabajador
73561428-2,Petra Rigby,21,hombre,Trabajador
89576450-7,Kacie Stevens,39,hombre,Trabajador
45644100-9,Shanaya Hewitt,50,mujer,Trabajador
87371798-k,Kaiya Huerta,45,mujer,Jefe
43654491-k,Maiya Tierney,21,hombre,Trabajador
14200344-9,Linzi Wong,46,mujer,Jefe
87094740-2,Amelia-Mae Malone,30,hombre,Trabajador
66866166-1,Florence Lucero,40,hombre,Trabajador
90601826-8,Sneha Hagan,56,mujer,Trabajador
23494123-2,Trey Saunders,57,hombre,Jefe
20026905-5,Hester Jeffery,39,mujer,Trabajador
11341475-8,Theodore Wilkes,38,hombre,Trabajador
39006777-1,Manisha Mcloughlin,28,mujer,Trabajador
65175008-3,Mason Ritter,24,hombre,Trabajador
45856781-6,Roseanne Nguyen,50,mujer,Jefe
22825105-4,Jana Byrd,37,hombre,Trabajador
36918308-7,Orlaith Jones,30,hombre,Trabajador
26849996-2,Fahad Diaz,34,hombre,Jefe
41659296-9,Ivy-Rose Mcclure,54,mujer,Jefe
43538788-8,Ricardo Amin,35,mujer,Trabajador
61127746-6,Alfie-Lee Pruitt,54,mujer,Trabajador
91995839-1,Ariyah Mckeown,46,hombre,Trabajador
41234355-7,Raife Cassidy,22,hombre,Trabajador
31726652-9,Solomon Morton,55,hombre,Trabajador
88726486-4,Amari Stubbs,24,hombre,Trabajador
95367461-0,Louie Swan,18,hombre,Trabajador
20209505-4,Freddie Byrne,39,mujer,Trabajador
44973013-5,Margaux Cleveland,56,hombre,Jefe
84593882-2,Toby Petty,31,hombre,Jefe
58038177-4,Mariah Wyatt,27,hombre,Jefe
21630671-6,Kirstin Fry,18,mujer,Trabajador
83605517-9,Toyah Wolfe,24,hombre,Trabajador
68147125-1,Lily-Mae O'Quinn,58,hombre,Jefe
54363208-2,Arissa Webb,49,hombre,Jefe
31359212-k,Leanne Weeks,30,hombre,Jefe
26541300-5,Mayson Nicholson,60,hombre,Trabajador
54252672-6,Latoya Powers,39,hombre,Trabajador
22249624-1,Olivia-Rose Fuentes,48,hombre,Jefe
11784418-8,Saqib Mill,57,hombre,Trabajador
96213582-k,Priya Oneil,39,mujer,Jefe
75357089-6,Kaiden Ewing,51,mujer,Trabajador
54480341-7,Keaton Mccall,50,hombre,Jefe
41325900-2,Esme-Rose Wicks,29,hombre,Jefe
87244280-4,Kayleigh Finley,31,hombre,Trabajador
75397524-1,Clayton Mckenna,37,mujer,Jefe
72018152-5,Aimie Sears,27,hombre,Jefe
98152080-7,Forrest Salt,33,mujer,Trabajador
44626695-0,Claudia Avery,20,hombre,Jefe
74748755-3,Yousef Rutledge,34,mujer,Trabajador
56744324-8,Alicja Magana,28,mujer,Jefe
58191750-3,Arthur Lara,43,mujer,Trabajador
42814101-6,Adele Douglas,53,hombre,Trabajador
80308047-k,Musab Valencia,40,hombre,Trabajador
82254885-7,Thierry Hurley,41,mujer,Jefe
29522091-0,Lillie-Rose Stokes,57,mujer,Trabajador
41071374-8,Marlene Hawes,23,hombre,Trabajador
76081261-7,Diego Castillo,57,hombre,Trabajador
12885071-6,Shelbie Moreno,46,hombre,Trabajador
67753422-2,Deanne Villarreal,38,mujer,Jefe
93285177-6,Kajus Garrison,23,mujer,Trabajador
38895795-6,Alaw Ferrell,57,hombre,Trabajador
59982206-2,Minahil Kaye,59,hombre,Trabajador
66658505-4,Quentin Jacobs,49,hombre,Trabajador
44290962-8,Ruby-May Espinosa,56,hombre,Trabajador
88495383-9,Tj Moran,59,mujer,Trabajador
97632307-6,Karina Morgan,49,hombre,Jefe
88151779-5,Aryaan Fox,52,hombre,Trabajador
81783289-k,Ashlyn Rossi,32,mujer,Trabajador
58332136-5,Jasleen Parker,36,hombre,Trabajador
28673876-1,Darryl Carlson,57,hombre,Jefe
28273728-0,Tye Corrigan,47,hombre,Trabajador
97355372-0,Maksim Mcmahon,27,hombre,Trabajador
89477804-0,Jaiden Sampson,18,mujer,Jefe
45624249-9,Janine Keller,38,hombre,Jefe
66295586-8,Emelia Roche,57,hombre,Trabajador
20996381-7,Johanna Whelan,49,mujer,Trabajador
57639262-1,Dominik Wynn,21,mujer,Trabajador
99108730-3,Isobel Dudley,23,hombre,Trabajador
70551235-3,Cora Camacho,38,mujer,Jefe
39043389-1,Shane Best,39,hombre,Trabajador
92946711-6,Denis Mann,43,mujer,Jefe
52778909-5,Kristen Gallegos,59,hombre,Trabajador
27161682-1,Roger Woodcock,38,mujer,Trabajador
50728559-7,Caitlan Whitehouse,30,mujer,Jefe
98661210-6,Emillie Frye,34,hombre,Jefe
22545748-4,Roberta Rankin,33,mujer,Trabajador
36750587-7,Louie Harwood,55,mujer,Trabajador
60727093-7,Kaleem Hill,36,hombre,Jefe
46930527-9,Serenity Rossi,29,mujer,Trabajador
65485230-8,Manisha Stephens,56,mujer,Jefe
63953205-4,Sylvia Faulkner,34,mujer,Trabajador
99347364-2,Jadon Slater,20,hombre,Trabajador
59129614-0,Maude Arnold,42,hombre,Jefe
34349789-k,Eleni Hansen,33,hombre,Trabajador
20774234-1,Asher Valentine,25,mujer,Trabajador
89671041-9,Tevin Wright,24,mujer,Trabajador
69822376-6,Lori Forrest,30,hombre,Jefe
59854747-5,Geraint Shaw,19,mujer,Trabajador
53087333-1,Zunairah Mcgee,45,mujer,Jefe
91258242-6,Xander Simmonds,23,hombre,Jefe
17341224-k,Calista Cummings,53,mujer,Jefe
42113348-4,Lilly-Grace Horn,20,mujer,Trabajador
56930255-2,Hayden Turnbull,50,hombre,Trabajador
48333719-1,Ella-May Hayes,21,mujer,Trabajador
46531952-6,Ayomide Mosley,29,mujer,Jefe
49641463-2,Becky Strickland,29,hombre,Jefe
58812264-6,Leigha Chavez,36,hombre,Jefe
66899113-0,Ellise Bautista,41,hombre,Trabajador
83469143-4,Milly Rudd,23,mujer,Trabajador
52158784-9,Irfan Britton,25,hombre,Jefe
26240285-1,Fenella Schaefer,33,hombre,Trabajador
25609460-6,Yasmin Barr,19,mujer,Trabajador
29381516-k,Marlon Lott,39,hombre,Trabajador
73290473-5,Dawson Rayner,58,mujer,Trabajador
75020925-4,Tasmin Crossley,40,hombre,Jefe
92386054-1,Izaak Mathis,38,hombre,Trabajador
38629675-8,Korban Robbins,60,mujer,Jefe
37797879-k,Homer Jacobson,42,mujer,Jefe
52698782-9,Freddy Simons,29,hombre,Jefe
60926655-4,Elissa Schmidt,53,mujer,Jefe
58378678-3,Rita Kouma,50,hombre,Jefe
85516291-1,Zack Sanderson,27,hombre,Trabajador
69186141-4,Toby Day,19,mujer,Trabajador
92244003-4,Amber-Rose Wardle,48,hombre,Jefe
74415365-4,Kwabena Stone,37,mujer,Trabajador
89751595-4,Cheyanne Petersen,37,mujer,Jefe
35414863-3,Carolina Gomez,37,hombre,Jefe
81881771-1,Piotr Glenn,52,mujer,Jefe
88413708-k,Dulcie Shelton,43,hombre,Trabajador
84891139-9,Akeem Hensley,33,mujer,Trabajador
79348268-k,Huw Lewis,29,hombre,Jefe
60020954-k,Atticus Hussain,45,mujer,Trabajador
14156767-5,Edna Harper,29,mujer,Trabajador
91957637-5,Keagan Hope,26,hombre,Jefe
76362168-5,Tudor Proctor,58,mujer,Jefe
10537138-1,Winston Castro,55,mujer,Jefe
29557986-2,Pierce Mora,28,mujer,Trabajador
53331281-0,Jonah Murphy,24,hombre,Trabajador
94559048-3,Frances Hartman,56,mujer,Jefe
39038168-9,Reece Price,36,hombre,Trabajador
11904025-6,Chandni Stanton,50,mujer,Jefe
25002692-7,Ferne Fritz,45,mujer,Trabajador
78413522-5,Harlan Goodman,43,hombre,Jefe
96251410-3,Elle-May Iles,19,hombre,Trabajador
13863556-2,Mohamed Mcclain,57,hombre,Jefe
29637564-0,Lennox Mcculloch,53,mujer,Jefe
87624695-3,Ajwa Daly,60,mujer,Jefe
29009046-6,Aleksander Patton,46,hombre,Trabajador
88538509-5,Saffron Sawyer,52,hombre,Trabajador
23625905-6,Brendon Denton,44,mujer,Trabajador
70019535-k,Emile Lopez,39,hombre,Trabajador
19386119-9,Lisa-Marie Grimes,40,hombre,Trabajador
62034785-k,Macsen Major,35,hombre,Trabajador
64367868-3,Ameera Edwards,35,mujer,Jefe
45026733-3,Vincenzo Preece,49,mujer,Jefe
54746197-5,Hudson Emerson,59,mujer,Trabajador
25399600-5,Raheel Bonilla,52,mujer,Trabajador
16943787-4,Che Partridge,39,mujer,Jefe
59537115-5,Miyah Rhodes,49,mujer,Trabajador
40236352-5,Ramone Guzman,38,mujer,Trabajador
54726514-9,Prisha Spencer,57,hombre,Trabajador
77191435-7,Maisy Bright,48,hombre,Jefe
70638696-3,Kit Adams,27,mujer,Trabajador
10927357-0,Vickie Clifford,19,mujer,Jefe
66976509-6,Ricardo Devine,43,mujer,Jefe
63216586-2,Payton Arroyo,24,hombre,Trabajador
32086803-3,Hadley Acosta,45,mujer,Jefe
76762441-7,Belinda Chamberlain,37,hombre,Jefe
54676049-9,Jax Hester,24,hombre,Trabajador
67216197-5,Glenn Curry,18,mujer,Trabajador
84621982-k,Shahzaib Lester,34,mujer,Trabajador
47121914-2,Tayyib Davila,47,mujer,Jefe
23047484-2,Karol Knights,36,mujer,Jefe
73026642-1,Layton Hodge,20,mujer,Jefe
34414978-k,Francis Kerr,40,hombre,Trabajador
87282538-k,Nico Lim,38,hombre,Trabajador
21016824-9,Akeem Odonnell,20,hombre,Jefe
63196577-6,Gino Alston,35,hombre,Trabajador
59051717-8,Aalia Ball,21,mujer,Trabajador
59749734-2,Danyal Steele,49,mujer,Jefe
37204390-3,Hettie Samuels,47,hombre,Trabajador
48592540-6,Cari Welch,54,mujer,Jefe
79543386-4,Howard Boone,23,hombre,Trabajador
70433997-6,Roosevelt Charlton,33,mujer,Jefe
48553208-0,Spencer Tran,24,mujer,Trabajador
10339840-1,Pola Finney,25,mujer,Jefe
69767927-8,Annaliese Mckinney,30,hombre,Jefe
73454838-3,Princess Guest,56,mujer,Jefe
34039148-9,Sonnie Pugh,58,mujer,Jefe
93591226-1,Lola-Mae Whittaker,58,hombre,Jefe
73842540-5,Kirandeep Riggs,25,mujer,Trabajador
58648727-2,Asmaa Allman,44,hombre,Jefe
95656123-k,Kenzo Beech,28,mujer,Trabajador
88107942-9,Zac Mcgill,40,mujer,Jefe
81428035-7,Jorgie Rowland,44,mujer,Trabajador
46805723-9,Harvie Bonilla,35,mujer,Jefe
96371883-7,Samir Daugherty,33,mujer,Trabajador
92390198-1,Asha Guthrie,19,hombre,Jefe
17611254-9,Hamaad Barajas,50,hombre,Jefe
56197957-k,Mandeep Vazquez,20,hombre,Trabajador
78301240-5,Harvey-Lee Burch,22,mujer,Jefe
90730270-9,Kamran Santos,20,hombre,Jefe
25919808-9,Junior Bryant,24,mujer,Jefe
92060023-9,Stefan Allen,57,mujer,Jefe
91346186-k,Haidar Moreno,30,hombre,Jefe
56405384-8,Shayaan Watkins,19,hombre,Jefe
97596735-2,Abid Cross,42,hombre,Trabajador
32153494-5,Khadija Dalby,43,mujer,Jefe
54546935-9,Billie Kaur,38,mujer,Jefe
48269008-4,Mimi Harris,49,hombre,Jefe
50942616-3,Kierran Stanton,27,hombre,Jefe
84327091-3,Isabell Goodwin,40,hombre,Jefe
66714421-3,Tiffany Cantu,25,hombre,Jefe
48007583-8,Skye Gray,49,mujer,Jefe
14585428-8,Lemar Cullen,28,hombre,Jefe
25450277-4,Maariya Enriquez,30,hombre,Jefe
60456055-1,Ayana Portillo,23,mujer,Jefe
90494178-6,Humayra Palacios,32,hombre,Jefe
95199785-4,Mea Dorsey,37,hombre,Jefe
13947632-8,Ammaar Carty,48,hombre,Jefe
29004298-4,Dainton Pratt,24,mujer,Jefe
63968995-6,Waleed Aguirre,53,hombre,Jefe
75269880-5,Dev Adamson,60,mujer,Trabajador
42494071-2,Karis Downes,58,mujer,Jefe
11123767-0,Annabelle Mullins,35,hombre,Jefe
16697747-9,Faheem Bains,42,hombre,Trabajador
37285914-8,Kaeden Knapp,53,mujer,Jefe
79725852-0,Jobe Reyes,26,hombre,Jefe
11118739-8,Ilayda Whitehouse,29,mujer,Jefe
45273848-1,Nasir Jenkins,19,hombre,Jefe
33461512-k,Jonny Newton,50,mujer,Jefe
27626683-7,Sabrina Gillespie,47,hombre,Jefe
12920124-k,Frances Corrigan,25,mujer,Jefe
15955355-8,Yunus Galloway,20,mujer,Jefe
14495790-3,Robyn Hyde,55,hombre,Jefe
49552236-9,Rebecca Sheehan,56,hombre,Jefe
40161573-3,Sakina Stewart,49,hombre,Jefe
12969098-4,India Camacho,22,mujer,Jefe
41775238-2,Ella-Mai Butt,55,mujer,Jefe
52792841-9,Maia Glover,22,mujer,Jefe
82533150-6,Aryan Hastings,25,hombre,Jefe
38100857-6,Hashir Hendricks,49,mujer,Jefe
69691126-6,Yash Wallace,19,mujer,Jefe
99302343-4,Harlow Woods,19,hombre,Jefe
35155157-7,Ariadne Hibbert,40,mujer,Jefe
35340502-0,Miller Fletcher,57,hombre,Jefe
95711978-6,Kymani Rahman,49,hombre,Jefe
23686910-5,Gaia Pearson,31,mujer,Jefe
93129166-1,Ruth Steadman,34,mujer,Trabajador
98357275-8,Asiya Short,49,hombre,Jefe
77484278-0,Amba Crane,36,mujer,Jefe
52258791-5,Isaac Fleming,20,mujer,Jefe
24927693-6,Haider Hines,19,hombre,Jefe
71316667-7,Luca Foley,37,mujer,Jefe
37780063-k,Ariyan Patel,32,hombre,Jefe
15795964-6,Luqman Marks,21,mujer,Jefe
24655915-5,Evan Haas,24,hombre,Jefe
36304600-2,Aiden Arnold,36,hombre,Trabajador
12177977-3,Billy-Joe Ward,22,hombre,Jefe
79974368-k,Nathaniel Rivas,37,mujer,Jefe
42868972-0,Harry Hood,50,mujer,Jefe
25696685-9,Brandy Ponce,41,mujer,Jefe
95423202-6,Siyana Ballard,23,hombre,Jefe
18984900-1,Musa Myers,27,hombre,Jefe
57181678-4,Ace Stephenson,57,mujer,Jefe
97163657-2,Ashlyn Finch,31,mujer,Jefe
42714709-6,Mikayla Hume,30,mujer,Jefe
88667817-7,Nevaeh Gill,46,mujer,Jefe
50814284-6,Rahul Finley,36,hombre,Jefe
